subject,sender_name,sender_email,sender_domain,body,url,cta_text,url_count,label
,,,,Gana dinero por compartir tus opiniones,,,0,1
,,,,Quema grasa abdominal con este suplemento,,,0,1
,,,,Obten tu score crediticio sin costo,,,0,1
,,,,Aprovecha descuentos exclusivos para ti,,,0,1
,,,,Desata tu potencial sexual con estas pastillas,,,0,1
,,,,Invierte en commodities con bajo riesgo,,,0,1
,,,,Financia tus metas con nuestros prestamos,,,0,1
,,,,Recupera tu cabello con este tratamiento,,,0,1
,,,,Participa en el sorteo de un iPhone,,,0,1
,,,,Verifica tu identidad para proteger tu cuenta,,Verifica tu identidad para proteger tu cuenta,0,1
,,,,Usa nuestra app y acumula puntos canjeables,,,0,1
,,,,Pierde peso con nuestro reto de 30 dias,,,0,1
,,,,Diviertete con estos memes de perros,,,0,1
,,,,Protege tu hogar con nuestras camaras de seguridad,,,0,1
,,,,Hola sere tu asesor de imagen personal,,,0,1
,,,,Aprovecha las mega ofertas de fin de semana,,,0,1
,,,,Danos tu opinion sobre nuestro servicio,,,0,1
,,,,Personaliza tu movil con este fondo de pantalla,,,0,1
,,,,Gana puntos por cada dolar que gastes,,,0,1
,,,,Cuida a los que amas con un seguro de vida,,,0,1
,,,,Suscribete y recibe nuestras promociones,,,0,1
,,,,No te pierdas estos videos virales,,,0,1
,,,,Ejercita tu cerebro con acertijos diarios,,,0,1
,,,,Hoy es el ultimo dia de descuentos,,,0,1
,,,,Encuentra el amor con nuestra app de citas,,,0,1
,,,,Lee nuestro resumen diario de noticias,,,0,1
,,,,Presume un cuerpo tonificado este verano,,,0,1
,,,,Gana dinero siendo mystery shopper,,,0,1
,,,,Visita nuestra tienda y llevate un regalo,,,0,1
,,,,Recibe tus pedidos sin costo de envio,,,0,1
,,,,Manten alta tu energia con nuestras barritas,,,0,1
,,,,Obten criptomonedas gratis con este link,,,0,1
,,,,Divide tus pagos hasta en 24 meses,,,0,1
,,,,Resalta tu belleza natural con nuestro maquillaje,,,0,1
,,,,Gana boletos para la premiere de la pelicula,,,0,1
,,,,Verifica tu edad para acceder al contenido,,Verifica tu edad para acceder al contenido,0,1
,,,,Baja nuestra guia de ejercicios gratis,,,0,1
,,,,Baja de peso con nuestras ensaladas,,,0,1
,,,,Regresa a tu infancia con estos juguetes,,,0,1
,,,,Maneja protegido con nuestro seguro vehicular,,,0,1
,,,,No te pierdas las novedades de la temporada,,,0,1
,,,,Domina el arte de hablar en publico,,,0,1
,,,,Escanea este codigo y gana descuentos,,,0,1
,,,,Gana millas en tus viajes de trabajo,,,0,1
,,,,Comienza a ahorrar para tu jubilacion,,,0,1
,,,,Se parte del record Guinness con nosotros,,,0,1
,,,,Despierta al artista que llevas dentro,,,0,1
,,,,Liquidacion total precios de locura,,,0,1
,,,,Postulate a este reality y gana fama,,,0,1
,,,,Marca abdominales de revista con este aparato,,,0,1
,,,,Genera ingresos extras en tus tiempos libres,,,0,1
,,,,Reclama aqui tu 2x1 para cenar,,,0,1
,,,,Recibe hoy mismo tus compras del supermercado,,,0,1
,,,,Refuerza tus defensas con nuestras vitaminas,,,0,1
,,,,Gana el triple con nuestro nuevo plan,,,0,1
,,,,Unifica tus prestamos y paga menos intereses,,Unifica tus prestamos y paga menos intereses,0,1
,,,,Destaca la profundidad de tu mirada,,,0,1
,,,,Gana un fin de semana de spa en nuestro concurso,,,0,1
,,,,Envia una copia de tu identificacion,,,0,1
,,,,Baja el manual de instrucciones aqui,,,0,1
,,,,Desintoxica tu organismo con este batido verde,,,0,1
,,,,Diviertete en familia con nuestros juegos de mesa,,,0,1
,,,,Comparte tu experiencia y gana dinero,,,0,1
,,,,Atrae abundancia con estas velas aromaticas,,,0,1
,,,,Descubre las 10 claves del exito empresarial,,,0,1
,,,,Solicita tu muestra gratis aqui,,Solicita tu muestra gratis aqui,0,1
,,,,Sorprende a tu amor con esta joya unica,,,0,1
,,,,Invierte como los expertos con nuestras herramientas,,,0,1
,,,,Accede a beneficios exclusivos en nuestro club,,,0,1
,,,,Elimina las imperfecciones con nuestro novo tratamiento,,,0,1
,,,,Gana tickets para el concierto del ano,,,0,1
,,,,Verifica tu numero de cuenta para el deposito,,Verifica tu numero de cuenta para el deposito,0,1
,,,,Baja nuestro e-book de viajes imperdibles,,,0,1
,,,,Prueba nuestras nuevas opciones veganas,,,0,1
,,,,Comienza tu dia con pensamientos positivos,,,0,1
,,,,Hola reinventa tu estilo con nosotros,,,0,1
,,,,Visita nuestra nueva tienda online,,,0,1
,,,,Aprende diseno grafico desde cero,,,0,1
,,,,Obten cashback en todas tus compras,,,0,1
,,,,Gana kms para tu proximo viaje,,,0,1
,,,,Comienza hoy a ahorrar para su futuro,,,0,1
,,,,Apoya esta causa solidaria con tu aporte,,,0,1
,,,,Despierta tu creatividad con nuestros cursos,,,0,1
,,,,Aprovecha las ofertas de ultimo minuto,,,0,1
,,,,Postula a tu equipo favorito y gana,,,0,1
,,,,Descubre las empresas top para invertir,,,0,1
,,,,Extiende tu suscripcion sin costo extra,,,0,1
,,,,Marca la diferencia con tu rutina fitness,,,0,1
,,,,Gana regalos testeando productos nuevos,,,0,1
,,,,Canjea tu bono aqui,,,0,1
,,,,Recibe tu comida favorita en 30 minutos,,,0,1
,,,,Mejorar tus defensas con probioticos,,,0,1
,,,,Gana el doble por tus referencias efectivas,,,0,1
,,,,Reduce tu hipoteca con este refinanciamiento,,,0,1
,,,,Realza la profundidad de tu mirada,,,0,1
,,,,Gana una consola participando en nuestra trivia,,,0,1
,,,,Envia una selfie con tu documento,,,0,1
,,,,Descarga el manual del usuario,,Descarga el manual del usuario,0,1
,,,,Baja 2 kilos por semana con nuestra dieta,,,0,1
,,,,No te pierdas las imagenes mas divertidas,,,0,1
,,,,Haz clic aqui para ganar un premio,,Haz clic aqui para ganar un premio,0,1
,,,,Tu ordenador tiene un virus,,,0,1
,,,,Descubre como perder peso rapidamente,,,0,1
,,,,Gana dinero desde casa sin esfuerzo,,,0,1
,,,,Reclama tu herencia de un pariente lejano,,,0,1
,,,,Mejora tu rendimiento sexual con este producto,,,0,1
,,,,Invierte en esta oportunidad unica y hazte rico,,,0,1
,,,,Obten un prestamo facilmente sin verificacion de credito,,,0,1
,,,,Felicidades has ganado un telefono nuevo,,,0,1
,,,,Necesitamos verificar tu cuenta bancaria,,Necesitamos verificar tu cuenta bancaria,0,1
,,,,Aprende ingles en solo 10 dias,,,0,1
,,,,Trabaja desde casa y gana mucho dinero,,,0,1
,,,,Este es un mensaje importante de tu banco,,,0,1
,,,,Aumenta tu tamano con estas pastillas milagrosas,,,0,1
,,,,Has sido seleccionado para una oferta exclusiva,,,0,1
,,,,Descarga este software gratis ahora,,Descarga este software gratis ahora,0,1
,,,,Conoce solteras calientes en tu area,,,0,1
,,,,Obten un descuento del 50% en tu proximo viaje,,,0,1
,,,,Tu paquete esta listo para ser recogido,,,0,1
,,,,Haz clic para ver fotos de personas desnudas,,Haz clic para ver fotos de personas desnudas,0,1
,,,,Necesitamos actualizar tu informacion personal,,Necesitamos actualizar tu informacion personal,0,1
,,,,Compra medicamentos sin receta medica,,,0,1
,,,,Gana una gift card de 100 dolares,,,0,1
,,,,Este producto te hara sentir mas joven,,,0,1
,,,,Has ganado un viaje todo incluido,,,0,1
,,,,Descarga este tono de llamada gratis,,Descarga este tono de llamada gratis,0,1
,,,,Haz clic para ver el video mas divertido,,Haz clic para ver el video mas divertido,0,1
,,,,Necesitas este seguro de vida ahora mismo,,,0,1
,,,,Obten acceso a peliculas gratis en linea,,,0,1
,,,,Haz esta prueba de coeficiente intelectual y sorprendete,,,0,1
,,,,Multiplica tus ingresos con este programa de afiliacion,,,0,1
,,,,Obten tu reporte de credito gratis,,,0,1
,,,,Este producto milagroso te quitara las arrugas,,,0,1
,,,,Por favor completa esta oferta para continuar,,Por favor completa esta oferta para continuar,0,1
,,,,Haz clic para descargar musica gratis,,Haz clic para descargar musica gratis | Haz clic para descargar musica gratis,0,1
,,,,Aprende a invertir en criptomonedas ahora,,,0,1
,,,,Gana dinero extra desde casa,,,0,1
,,,,Tu cuenta ha sido bloqueada temporalmente,,,0,1
,,,,Recibe un bono de bienvenida al registrarte,,,0,1
,,,,Pierde peso sin esfuerzo con este suplemento,,,0,1
,,,,Haz clic para reclamar tu premio,,Haz clic para reclamar tu premio,0,1
,,,,Invierte en bitcoin y hazte millonario,,,0,1
,,,,Obten un prestamo en linea instantaneamente,,,0,1
,,,,Hola soy un principe nigeriano y necesito tu ayuda,,,0,1
,,,,Felicidades has sido seleccionado para una encuesta remunerada,,,0,1
,,,,Aumenta tu energia y libido con estas pastillas naturales,,,0,1
,,,,Gana un iPhone gratis participando en este sorteo,,,0,1
,,,,Necesitamos verificar tu informacion de pago,,Necesitamos verificar tu informacion de pago,0,1
,,,,Haz clic para ver las fotos privadas de esta persona,,Haz clic para ver las fotos privadas de esta persona,0,1
,,,,Tu cuenta tiene un saldo pendiente,,,0,1
,,,,Obten acceso ilimitado a contenido exclusivo,,,0,1
,,,,Haz una fortuna con este metodo secreto,,,0,1
,,,,Has ganado una gift card de Amazon,,,0,1
,,,,Descubre los secretos para un cabello hermoso y brillante,,,0,1
,,,,Necesitamos que verifiques tu identidad,,,0,1
,,,,Recomienda nuestro producto y gana comisiones,,,0,1
,,,,Obten descuentos exclusivos en nuestro sitio web,,,0,1
,,,,Ha habido un intento de inicio de sesion sospechoso en tu cuenta,,,0,1
,,,,Este producto revolucionario te quitara las manchas de la piel,,,0,1
,,,,Haz clic aqui para descargar el archivo adjunto,,Haz clic aqui para descargar el archivo adjunto | Haz clic aqui para descargar el archivo adjunto,0,1
,,,,Unete a nuestro programa de afiliados y gana dinero extra,,,0,1
,,,,Descubre como conquistar a la persona de tus sueños,,,0,1
,,,,Hola quiero presentarte una increible oportunidad de negocio,,,0,1
,,,,Obten acceso anticipado a nuestras rebajas,,,0,1
,,,,Gana musculos rapidamente con este suplemento,,,0,1
,,,,Aprovecha esta oferta por tiempo limitado,,Aprovecha esta oferta por tiempo limitado,0,1
,,,,Has ganado un vale de compra en nuestra tienda,,,0,1
,,,,Haz clic aqui para recibir tu recompensa,,Haz clic aqui para recibir tu recompensa,0,1
,,,,Este es un aviso de tu factura vencida,,,0,1
,,,,Participa en nuestro concurso y gana premios increibles,,,0,1
,,,,Obten un seguro de vida a un precio inigualable,,,0,1
,,,,Hola soy un viejo amigo y quiero reconnectar contigo,,,0,1
,,,,Invierte en esta criptomoneda emergente y multiplica tu dinero,,,0,1
,,,,Obten una muestra gratis de nuestro producto,,,0,1
,,,,Este software optimizara el rendimiento de tu ordenador,,,0,1
,,,,Felicidades has calificado para recibir un descuento especial,,,0,1
,,,,Aumenta tu busto naturalmente con esta crema,,,0,1
,,,,Gana un viaje todo pagado participando en nuestro sorteo,,,0,1
,,,,Necesitamos que confirmes tu direccion de envio,,,0,1
,,,,Haz clic para ver este increible video,,Haz clic para ver este increible video,0,1
,,,,Tu cuenta tiene un cargo no reconocido,,,0,1
,,,,Obten acceso a contenido exclusivo suscribiendote ahora,,,0,1
,,,,Haz dinero facil desde la comodidad de tu hogar,,,0,1
,,,,Has ganado una tableta nueva,,,0,1
,,,,Descubre el secreto para unas pestanas largas y gruesas,,,0,1
,,,,Necesitamos que verifiques tu cuenta,,,0,1
,,,,Unete a nuestro programa de referidos y gana comisiones,,,0,1
,,,,Obten envio gratis en tu primera compra,,,0,1
,,,,Hemos detectado actividad sospechosa en tu cuenta,,,0,1
,,,,Este suplemento te hara perder peso mientras duermes,,,0,1
,,,,Haz clic aqui para descargar tu factura,,Haz clic aqui para descargar tu factura | Haz clic aqui para descargar tu factura,0,1
,,,,Conviertete en un afiliado y gana dinero promocionando nuestros productos,,,0,1
,,,,Descubre como seducir a cualquier persona,,,0,1
,,,,Hola tengo una propuesta de negocio que podria interesarte,,,0,1
,,,,Obten acceso temprano a nuestras ofertas especiales,,,0,1
,,,,Desarrolla el cuerpo de tus suenos con este entrenamiento,,,0,1
,,,,Ultimo dia para aprovechar este descuento,,,0,1
,,,,Has sido seleccionado para recibir un obsequio especial,,,0,1
,,,,Haz clic para descargar este increible juego,,Haz clic para descargar este increible juego | Haz clic para descargar este increible juego,0,1
,,,,Obten un descuento especial en tu proximo corte de cabello,,,0,1
,,,,Te recordamos que tienes un pago pendiente,,,0,1
,,,,Participa en nuestra rifa y gana fabulosos premios,,,0,1
,,,,Pierde peso rapido con esta dieta milagrosa,,,0,1
,,,,Haz clic aqui para ver increibles fotos de gatitos,,Haz clic aqui para ver increibles fotos de gatitos,0,1
,,,,Obten tu reporte de credito gratis ahora,,,0,1
,,,,Gana dinero viendo anuncios en tu telefono,,,0,1
,,,,Mejora tu vida sexual con este suplemento natural,,,0,1
,,,,Invierte en bienes raices y asegura tu futuro financiero,,,0,1
,,,,Confirma tu suscripcion haciendo clic aqui,,Confirma tu suscripcion haciendo clic aqui,0,1
,,,,Unete a nuestro club de lectores y recibe libros gratis,,,0,1
,,,,Obten los mejores consejos para una piel radiante,,,0,1
,,,,Necesitamos verificar tu informacion fiscal,,Necesitamos verificar tu informacion fiscal,0,1
,,,,Gana comisiones promocionando nuestros servicios,,,0,1
,,,,Aprovecha nuestras ofertas de fin de temporada,,,0,1
,,,,Elimina las arrugas con este tratamiento revolucionario,,,0,1
,,,,Haz clic para descargar este fondo de pantalla gratis,,Haz clic para descargar este fondo de pantalla gratis | Haz clic para descargar este fondo de pantalla gratis,0,1
,,,,Conviertete en un experto en redes sociales con nuestro curso,,,0,1
,,,,Baja de peso sin hacer dieta ni ejercicio,,,0,1
,,,,Hola quiero compartir contigo esta oportunidad unica,,,0,1
,,,,Accede a contenido premium suscribiendote a nuestro newsletter,,,0,1
,,,,Desarrolla habilidades de liderazgo con este seminario,,,0,1
,,,,Esta es tu ultima oportunidad para adquirir este producto,,,0,1
,,,,Has sido preseleccionado para recibir un premio en efectivo,,,0,1
,,,,Haz clic aqui para conocer personas interesantes cerca de ti,,Haz clic aqui para conocer personas interesantes cerca de ti,0,1
,,,,No pierdas esta increible oferta suscribete ahora,,,0,1
,,,,Gana dinero extra trabajando desde casa,,,0,1
,,,,Descubre el secreto para un abdomen plano,,,0,1
,,,,Haz clic aquí para reclamar tu cupón de descuento,,Haz clic aquí para reclamar tu cupón de descuento,0,1
,,,,Obtén acceso exclusivo a nuestras rebajas privadas,,,0,1
,,,,Aumenta tu energía con este suplemento natural,,,0,1
,,,,Invierte en acciones y multiplica tu capital,,,0,1
,,,,Aprovecha nuestro financiamiento sin intereses,,,0,1
,,,,Haz clic para ver increíbles trucos de maquillaje,,Haz clic para ver increíbles trucos de maquillaje,0,1
,,,,Gana un carro nuevo participando en nuestro concurso,,,0,1
,,,,Necesitamos verificar tus datos de contacto,,Necesitamos verificar tus datos de contacto,0,1
,,,,Descarga esta aplicación y obtén un descuento,,Descarga esta aplicación y obtén un descuento,0,1
,,,,Mejora tu rendimiento deportivo con nuestro programa de entrenamiento,,,0,1
,,,,Haz clic para ver las fotos de la fiesta,,Haz clic para ver las fotos de la fiesta,0,1
,,,,Obtén tu seguro de gastos médicos hoy mismo,,,0,1
,,,,Hola soy tu asesor financiero personal,,,0,1
,,,,No te pierdas nuestras ofertas de último minuto,,,0,1
,,,,Descubre cómo aprender un idioma en tiempo récord,,,0,1
,,,,Haz clic para descargar este ebook gratis,,Haz clic para descargar este ebook gratis | Haz clic para descargar este ebook gratis,0,1
,,,,Gana dinero compartiendo tus opiniones,,,0,1
,,,,Obtén un seguro de vida sin exámenes médicos,,,0,1
,,,,Confirma tu suscripción a nuestra lista de correos,,Confirma tu suscripción a nuestra lista de correos,0,1
,,,,Haz clic para ver este increíble video de comedia,,Haz clic para ver este increíble video de comedia,0,1
,,,,Desarrolla una memoria extraordinaria con este curso,,,0,1
,,,,Última chance para comprar con descuento,,,0,1
,,,,Has ganado una gift card para tu tienda favorita,,,0,1
,,,,Conoce solteros y solteras en tu ciudad,,,0,1
,,,,Suscríbete a nuestro canal y no te pierdas ningún video,,,0,1
,,,,Gana dinero extra con este trabajo de medio tiempo,,,0,1
,,,,Pierde peso durmiendo con esta pastilla milagrosa,,,0,1
,,,,Haz clic para obtener tu reporte crediticio gratis,,Haz clic para obtener tu reporte crediticio gratis,0,1
,,,,Accede a descuentos exclusivos en nuestro sitio web,,,0,1
,,,,Mejora tu rendimiento sexual con este producto natural,,,0,1
,,,,Invierte en oro y protege tu patrimonio,,,0,1
,,,,Aprovecha nuestras tasas de interés preferenciales,,,0,1
,,,,Descubre los secretos para un cabello hermoso,,,0,1
,,,,Gana un viaje todo incluido participando en nuestro sorteo,,,0,1
,,,,Necesitamos verificar tu identidad para procesar tu solicitud,,Necesitamos verificar tu identidad para procesar tu solicitud,0,1
,,,,Instala esta aplicación y obtén recompensas,,,0,1
,,,,Transforma tu cuerpo con nuestro programa de 90 días,,,0,1
,,,,Mira estas divertidas fotos de animales,,,0,1
,,,,Adquiere tu seguro de hogar con nosotros,,,0,1
,,,,Hola soy tu nuevo entrenador personal,,,0,1
,,,,Últimas horas para aprovechar nuestras promociones,,,0,1
,,,,Aprende a tocar guitarra en solo 4 semanas,,,0,1
,,,,Haz clic para descargar este increíble fondo de pantalla,,Haz clic para descargar este increíble fondo de pantalla | Haz clic para descargar este increíble fondo de pantalla,0,1
,,,,Gana recompensas por tus compras diarias,,,0,1
,,,,Obtén la cobertura médica que necesitas,,,0,1
,,,,Confirma tu dirección de correo para recibir novedades,,Confirma tu dirección de correo para recibir novedades,0,1
,,,,No te pierdas este gracioso video de gatos,,,0,1
,,,,Potencia tu cerebro con nuestro entrenamiento cognitivo,,,0,1
,,,,Esta es tu última oportunidad para ahorrar,,Esta es tu última oportunidad para ahorrar,0,1
,,,,Felicitaciones has sido seleccionado para una beca,,,0,1
,,,,Encuentra tu pareja ideal con nuestra app,,,0,1
,,,,Suscríbete a nuestro boletín informativo semanal,,,0,1
,,,,Gana músculo rápidamente con este suplemento,,,0,1
,,,,Descubre cómo ganar dinero desde tu casa,,,0,1
,,,,Haz clic para obtener tu código de descuento,,Haz clic para obtener tu código de descuento,0,1
,,,,Disfruta de envío gratis en tu próxima compra,,,0,1
,,,,Aumenta tu libido con este revolucionario producto,,,0,1
,,,,Invierte en bienes raíces y genera rentas pasivas,,,0,1
,,,,Aprovecha nuestra tasa de cambio preferencial,,,0,1
,,,,Luce una piel radiante con nuestros consejos,,,0,1
,,,,Gana una consola de videojuegos en nuestro concurso,,,0,1
,,,,Necesitamos verificar tu dirección para enviar tu pedido,,Necesitamos verificar tu dirección para enviar tu pedido,0,1
,,,,Prueba este increíble juego para móviles,,,0,1
,,,,Pierde peso saludablemente con nuestra asesoría nutricional,,,0,1
,,,,Mira estas adorables fotos de cachorros,,,0,1
,,,,Protege a tu familia con nuestro seguro de vida,,,0,1
,,,,Hola soy tu asesor de imagen personal,,,0,1
,,,,Últimos días de rebajas ¡no te los pierdas!,,,0,1
,,,,Aprende un nuevo idioma de forma divertida,,,0,1
,,,,Descarga nuestra aplicación y obtén un descuento especial,,Descarga nuestra aplicación y obtén un descuento especial,0,1
,,,,Gana premios por tus compras frecuentes,,,0,1
,,,,Asegura tu auto con la mejor cobertura del mercado,,,0,1
,,,,Verifica tu suscripción haciendo clic en el enlace,,Verifica tu suscripción haciendo clic en el enlace,0,1
,,,,No te pierdas estos divertidos memes,,,0,1
,,,,Entrena tu mente con nuestros juegos de ingenio,,,0,1
,,,,Esta oferta expira a la medianoche ¡aprovéchala ya!,,,0,1
,,,,Encuentra el amor de tu vida con nuestra aplicación,,,0,1
,,,,Mantente informado con nuestras noticias diarias,,,0,1
,,,,Desarrolla un cuerpo escultural con nuestras rutinas,,,0,1
,,,,Trabaja desde casa y genera ingresos extra,,,0,1
,,,,Usa este código promocional en tu próxima visita,,,0,1
,,,,Obtén envío express gratis en compras mayores a $100,,,0,1
,,,,Incrementa tu resistencia con nuestro suplemento deportivo,,,0,1
,,,,Invierte en criptomonedas y multiplica tus ganancias,,,0,1
,,,,Aprovecha nuestro crédito con meses sin intereses,,,0,1
,,,,Luce unas pestañas impresionantes con nuestro rímel,,,0,1
,,,,Gana un fin de semana en la playa en nuestro sorteo,,,0,1
,,,,Necesitamos verificar tu edad para procesar tu pedido,,Necesitamos verificar tu edad para procesar tu pedido,0,1
,,,,Descarga este wallpaper inspiracional gratis,,Descarga este wallpaper inspiracional gratis,0,1
,,,,Baja de peso con nuestras deliciosas recetas saludables,,,0,1
,,,,No te pierdas estos videos de gatitos juguetones,,,0,1
,,,,Protege tu negocio con nuestro seguro para PyMEs,,,0,1
,,,,Hola soy tu coach de vida personal,,,0,1
,,,,Ultimas unidades disponibles ¡corre que se acaban!,,,0,1
,,,,Aprende las técnicas de los grandes líderes empresariales,,,0,1
,,,,Obtén un descuento usando este código QR,,,0,1
,,,,Acumula puntos y canjéalos por increíbles recompensas,,,0,1
,,,,Asegura tu futuro con nuestro plan de jubilación,,,0,1
,,,,Reconfirma tu correo haciendo clic abajo,,,0,1
,,,,Te compartimos este divertido reto viral,,,0,1
,,,,Estimula tu creatividad con nuestro taller de arte,,,0,1
,,,,Solo por 24 horas todo a mitad de precio,,,0,1
,,,,Conoce gente interesante cerca de ti,,,0,1
,,,,Entérate de las últimas noticias de la industria,,,0,1
,,,,Tonifica tu cuerpo con solo 20 minutos diarios,,,0,1
,,,,Genera ingresos compartiendo tus conocimientos,,,0,1
,,,,Usa este código de descuento antes que expire,,,0,1
,,,,Disfruta de nuestro servicio premium por 30 días gratis,,,0,1
,,,,Desbloquea tu potencial con nuestro seminario motivacional,,,0,1
,,,,Obtén ganancias constantes con nuestro sistema,,,0,1
,,,,Aprovecha nuestros planes de financiamiento,,,0,1
,,,,Rejuvenece tu piel con nuestro tratamiento antiedad,,,0,1
,,,,Gana un día de spa en nuestro concurso de fin de mes,,,0,1
,,,,Necesitamos verificar tu licencia de conducir para el alquiler,,Necesitamos verificar tu licencia de conducir para el alquiler,0,1
,,,,Sorprende a tu pareja con este regalo original,,,0,1
,,,,Mantente en forma con nuestras clases online,,,0,1
,,,,Por favor selecciona tu método de envío preferido,,,0,1
,,,,Disfruta de horas de diversión con este juego adictivo,,,0,1
,,,,Gana dinero extra con nuestro programa de afiliados,,,0,1
,,,,Adelgaza sin esfuerzo con este nuevo producto,,,0,1
,,,,Descarga tu informe de crédito gratis ahora,,Descarga tu informe de crédito gratis ahora,0,1
,,,,Obtén descuentos exclusivos en nuestra tienda online,,,0,1
,,,,Potencia tu vida sexual con nuestras pastillas,,,0,1
,,,,Invierte en acciones de alto rendimiento hoy,,,0,1
,,,,Aprovecha nuestros préstamos con bajo interés,,,0,1
,,,,Confirma tu presencia en el seminario de mañana,,Confirma tu presencia en el seminario de mañana,0,1
,,,,Consigue el cabello de tus sueños con nuestro tratamiento,,,0,1
,,,,Participa en nuestro sorteo y gana increíbles premios,,,0,1
,,,,Necesitamos verificar tu identidad por favor contáctanos,,Necesitamos verificar tu identidad por favor contáctanos,0,1
,,,,Prueba nuestra nueva app y obtén recompensas,,,0,1
,,,,Transforma tu físico con nuestro reto de 30 días,,,0,1
,,,,No te pierdas estos divertidos videos de animales,,,0,1
,,,,Protege tu hogar con nuestro seguro contra desastres,,,0,1
,,,,Hola soy tu entrenador personal virtual,,,0,1
,,,,Últimas horas de nuestra mega liquidación ¡aprovecha!,,,0,1
,,,,Por favor comparte tu experiencia con nuestro producto,,,0,1
,,,,Descarga este asombroso fondo de pantalla gratis,,Descarga este asombroso fondo de pantalla gratis,0,1
,,,,Gana puntos por cada compra y canjéalos por premios,,,0,1
,,,,Obtén la mejor cobertura médica para ti y tu familia,,,0,1
,,,,Confirma tu suscripción a nuestra lista de correos,,Confirma tu suscripción a nuestra lista de correos,0,1
,,,,Mira este gracioso video de fails,,,0,1
,,,,Mejora tu agilidad mental con nuestros juegos,,,0,1
,,,,Esta increíble oferta termina hoy ¡no te la pierdas!,,,0,1
,,,,Encuentra a tu media naranja con nuestra app de citas,,,0,1
,,,,Mantente al día con nuestro resumen de noticias diario,,,0,1
,,,,Desarrolla músculos en poco tiempo con nuestro producto,,,0,1
,,,,Gana dinero desde casa con este sencillo método,,,0,1
,,,,Usa este cupón en tu próxima visita a nuestra tienda,,,0,1
,,,,Disfruta de envío gratis en pedidos mayores a $500,,,0,1
,,,,Aumenta tu energía con nuestras barras energéticas,,,0,1
,,,,Invierte en la criptomoneda del momento,,,0,1
,,,,Aprovecha nuestros planes de pago sin intereses,,,0,1
,,,,Luce una mirada impactante con nuestro delineador,,,0,1
,,,,Participa en nuestro concurso y gana un viaje,,,0,1
,,,,Necesitamos verificar tu mayoría de edad para proceder,,Necesitamos verificar tu mayoría de edad para proceder,0,1
,,,,Descarga este ebook lleno de consejos útiles,,Descarga este ebook lleno de consejos útiles,0,1
,,,,Baja de peso comiendo deliciosos platillos,,,0,1
,,,,No te pierdas estos adorables videos de perritos,,,0,1
,,,,Asegura tu auto con nosotros y obtén grandes beneficios,,,0,1
,,,,Hola soy tu asesor financiero personal,,,0,1
,,,,Últimos artículos en oferta ¡agrégalos a tu carrito!,,,0,1
,,,,Domina el arte de hablar en público con nuestro curso,,,0,1
,,,,Obtén un regalo especial con este código QR,,,0,1
,,,,Gana recompensas por tus compras regulares,,,0,1
,,,,Protege a tus seres queridos con un seguro de gastos funerarios,,,0,1
,,,,Confirma tu email haciendo clic en el enlace,,Confirma tu email haciendo clic en el enlace,0,1
,,,,Prueba este reto viral y comparte tus resultados,,,0,1
,,,,Despierta tu creatividad con nuestro curso de pintura,,,0,1
,,,,Rebajas nocturnas solo por unas horas,,,0,1
,,,,Amplía tu círculo social con nuestra app,,,0,1
,,,,Mantente informado con nuestro boletín semanal,,,0,1
,,,,Tonifica tu cuerpo con nuestro programa de ejercicios,,,0,1
,,,,Monetiza tus habilidades con nuestro sistema,,,0,1
,,,,Usa este cupón antes de que caduque,,,0,1
,,,,Prueba nuestro servicio premium gratis por un mes,,,0,1
,,,,Transforma tu mente con nuestro retiro espiritual,,,0,1
,,,,Obtén ingresos pasivos con nuestro programa,,,0,1
,,,,Aprovecha nuestros créditos especiales para PyMEs,,,0,1
,,,,Rejuvenece tu rostro con nuestro suero anti-edad,,,0,1
,,,,Gana una cena romántica en nuestro sorteo,,,0,1
,,,,Necesitamos una copia de tu identificación para el registro,,,0,1
,,,,Sorprende a tu mejor amigo con este detalle,,,0,1
,,,,Mantén tu rutina fitness con nuestros videos,,,0,1
,,,,Por favor elige el color y talla de tu preferencia,,,0,1
,,,,Pasa horas de entretenimiento con este juego,,,0,1
,,,,Genera ingresos recomendando nuestros cursos,,,0,1
,,,,Prueba suerte en la lotería con este número,,,0,1
,,,,Descubre la fórmula del éxito en nuestro webinar,,,0,1
,,,,Obtén muestras gratis de nuestros productos,,,0,1
,,,,Despierta tu sensualidad con nuestras fragancias,,,0,1
,,,,Invierte a largo plazo con nuestros fondos,,,0,1
,,,,Aprovecha nuestra tasa preferencial para ahorros,,,0,1
,,,,Soluciona tus problemas de acné con nuestro gel,,,0,1
,,,,Gana boletos para el concierto del año,,,0,1
,,,,Necesitamos verificar la cuenta donde recibes tus pagos,,Necesitamos verificar la cuenta donde recibes tus pagos,0,1
,,,,Descarga nuestra guía de viaje gratis,,Descarga nuestra guía de viaje gratis,0,1
,,,,Baja de peso con nuestras opciones vegetarianas,,,0,1
,,,,No te pierdas estas imágenes inspiradoras,,,0,1
,,,,Hola quiero ser tu gurú de estilo,,,0,1
,,,,Últimas novedades agregadas explora nuestro catálogo,,,0,1
,,,,Aprende a diseñar como un profesional con nuestro tutorial,,,0,1
,,,,Obtén cash-back con este cupón,,,0,1
,,,,Acumula millas en cada viaje que hagas con nosotros,,,0,1
,,,,Prepara el futuro de tus hijos con nuestro fondo universitario,,,0,1
,,,,Reconfirma tu correo para evitar suspensiones,,,0,1
,,,,Ayúdanos a romper este récord Guinness,,,0,1
,,,,Libera tu potencial artístico con nuestro set de pinturas,,,0,1
,,,,Hoy todo tiene 70% de descuento corre,,,0,1
,,,,Postula a tu media naranja y gana una cita a ciegas,,,0,1
,,,,Lee nuestro análisis semanal del mercado,,,0,1
,,,,Marca tus abdominales con nuestro quema grasa,,,0,1
,,,,Gana dinero probando productos en casa,,,0,1
,,,,Canjea este cupón por un 2x1 en cenas,,,0,1
,,,,Recibe tus compras el mismo día con nuestro servicio exprés,,,0,1
,,,,Refuerza tu sistema inmunológico con nuestras vitaminas,,,0,1
,,,,Multiplica tus ganancias integrándote a nuestro equipo,,,0,1
,,,,Aprovecha nuestra opción de refinanciamiento,,,0,1
,,,,Resalta tu mirada con nuestras sombras de ojos,,,0,1
,,,,Gana una consola participando en nuestro torneo,,,0,1
,,,,Necesitamos una foto de tu identificación,,,0,1
,,,,Descarga el manual de usuario aquí,,Descarga el manual de usuario aquí,0,1
,,,,Baja de peso sin pasar hambre,,,0,1
,,,,No te pierdas estos memes divertidísimos,,,0,1
,,,,Gana comisiones por referir amigos,,,0,1
,,,,Pierde peso mientras duermes con este té,,,0,1
,,,,Revisa tu puntaje crediticio gratis,,Revisa tu puntaje crediticio gratis,0,1
,,,,Accede a ofertas solo para miembros,,,0,1
,,,,Aumenta tu resistencia con estas pastillas,,,0,1
,,,,Invierte en bonos gubernamentales hoy,,,0,1
,,,,Financia tu compra con nuestro crédito,,,0,1
,,,,Luce un cabello de comercial con nuestro shampoo,,,0,1
,,,,Gana una gift card en nuestra rifa,,,0,1
,,,,Por tu seguridad verificaremos tu identidad,,,0,1
,,,,Baja nuestra app y gana puntos,,,0,1
,,,,Reduce tallas con nuestro plan detox,,,0,1
,,,,Mira estos chistosos videos de gatos,,,0,1
,,,,Adquiere nuestro seguro contra robos,,,0,1
,,,,Hola seré tu nutricionista online,,,0,1
,,,,Últimas horas de cyber monday,,,0,1
,,,,Cuéntanos qué te pareció el producto,,,0,1
,,,,Baja este increíble wallpaper HD,,,0,1
,,,,Acumula reward points en cada compra,,,0,1
,,,,Protege a tu familia con un seguro de salud,,,0,1
,,,,Activa las notificaciones de nuestro boletín,,,0,1
,,,,No te pierdas estos bloopers divertidos,,,0,1
,,,,Pon a prueba tu intelecto con sudokus,,,0,1
,,,,Solo hoy 50% de descuento en todo,,,0,1
,,,,Conoce solteros compatibles contigo,,,0,1
,,,,Entérate de las noticias más relevantes,,,0,1
,,,,Marca los músculos de tus sueños,,,0,1
,,,,Trabaja desde casa sin experiencia,,,0,1
,,,,Trae este cupón para un obsequio especial,,,0,1
,,,,Recibe tus envíos gratis por un año,,,0,1
,,,,Ten energía todo el día con nuestras cápsulas,,,0,1
,,,,Obtén Bitcoin gratis con este truco,,,0,1
,,,,Fracciona tus compras hasta 12 meses,,,0,1
,,,,Resalta tu belleza con nuestro labial,,,0,1
,,,,Concursa por entradas VIP al estreno,,,0,1
,,,,Comprueba que eres mayor de edad,,,0,1
,,,,Baja nuestro recetario gratis,,,0,1
,,,,Adelgaza comiendo estos snacks,,,0,1
,,,,Despierta tu niño interior con Lego,,,0,1
,,,,Protege tu auto con nuestro seguro,,,0,1
,,,,Visita nuestra nueva colección,,,0,1
,,,,Domina la oratoria con este curso,,,0,1
,,,,Gana regalos con este código QR,,,0,1
,,,,Acumula millas viajando con nosotros,,,0,1
,,,,Invierte en el futuro de tu retiro,,,0,1
,,,,Rompe este récord y gana fama,,,0,1
,,,,Dibuja como un experto con estos tips,,,0,1
,,,,Flash sale todo debe irse,,,0,1
,,,,Postúlate a este reality show,,,0,1
,,,,Lee los insights clave de la industria,,,0,1
,,,,Marca tu six-pack con nuestro gel,,,0,1
,,,,Gana probando productos como mystery shopper,,,0,1
,,,,Canjea aquí tu cupón de descuento,,,0,1
,,,,Recibe tu súper en la puerta de tu casa,,,0,1
,,,,Fortalece tus defensas con este suplemento,,,0,1
,,,,Genera ingreso extra como freelancer,,,0,1
,,,,Unifica tus deudas con esta tasa especial,,,0,1
,,,,Destaca tus ojos con nuestro nuevo rímel,,,0,1
,,,,Gana una gift card opinando sobre nuestro servicio,,,0,1
,,,,Adjunta una copia de tu cédula,,,0,1
,,,,Baja el instructivo de operación,,,0,1
,,,,Desintoxica tu cuerpo con estos jugos,,,0,1
,,,,Disfruta horas de diversión familiar,,,0,1
,,,,Monetiza tus conocimientos como instructor,,,0,1
,,,,Atrae la suerte con este amuleto,,,0,1
,,,,Descubre las claves de un negocio exitoso,,,0,1
,,,,Pide tu muestra médica gratuita,,,0,1
,,,,Sorprende a tu pareja con este perfume,,,0,1
,,,,Invierte en bienes raíces con expertos,,,0,1
,,,,Ahorra en grande con nuestra cuenta VIP,,,0,1
,,,,Elimina el acné con este jabón natural,,,0,1
,,,,Concierta y conoce a tu banda favorita,,,0,1
,,,,Verifica la cuenta de depósito de tu nómina,,Verifica la cuenta de depósito de tu nómina,0,1
,,,,Baja nuestro mapa turístico gratuito,,,0,1
,,,,Prueba nuestro menú veggie,,,0,1
,,,,Inspírate con estas frases motivacionales,,,0,1
,,,,Hola renovemos tu guardarropa,,,0,1
,,,,Descubre las últimas tendencias de moda,,,0,1
,,,,Aprende Photoshop desde cero,,,0,1
,,,,Obtén reembolso de tus compras,,,0,1
,,,,Gana puntos extra con nuestro club viajero,,,0,1
,,,,Asegura la educación de tus hijos desde hoy,,,0,1
,,,,Evita la suspensión renueva tu licencia,,,0,1
,,,,Ayúdanos a superar esta marca mundial,,,0,1
,,,,Expresa tu talento con este set de pinceles,,,0,1
,,,,Mega ofertas solo por hoy,,,0,1
,,,,Postula a tu crush y gana una cita,,,0,1
,,,,Entérate de los movimientos del mercado,,,0,1
,,,,Marca la diferencia con abdominales de acero,,,0,1
,,,,Gana dinero desde tu hogar,,,0,1
,,,,Canjea este cupón por un postre gratis,,,0,1
,,,,Recibe tus compras hoy mismo,,,0,1
,,,,Mantén tus defensas altas con vitamina C,,,0,1
,,,,Gana más referenciando esta oportunidad,,,0,1
,,,,Reduce tus cuotas con nuestro plan especial,,,0,1
,,,,Realza tu mirada con nuestras sombras,,,0,1
,,,,Gana un kit gamer en nuestros sorteos,,,0,1
,,,,Adjunta una foto de tu documento,,,0,1
,,,,Baja aquí el manual de usuario,,,0,1
,,,,Baja dos tallas con nuestros batidos,,,0,1
,,,,No te pierdas estos memes épicos,,,0,1
,,,,Gana comisiones por referir amigos,,,0,1
,,,,Pierde peso mientras duermes con este té,,,0,1
,,,,Revisa tu puntaje crediticio gratis,,Revisa tu puntaje crediticio gratis,0,1
,,,,Accede a ofertas solo para miembros,,,0,1
,,,,Aumenta tu resistencia con estas pastillas,,,0,1
,,,,Invierte en bonos gubernamentales hoy,,,0,1
,,,,Financia tu compra con nuestro crédito,,,0,1
,,,,Luce un cabello de comercial con nuestro shampoo,,,0,1
,,,,Gana una gift card en nuestra rifa,,,0,1
,,,,Por tu seguridad verificaremos tu identidad,,,0,1
,,,,Baja nuestra app y gana puntos,,,0,1
,,,,Reduce tallas con nuestro plan detox,,,0,1
,,,,Mira estos chistosos videos de gatos,,,0,1
,,,,Adquiere nuestro seguro contra robos,,,0,1
,,,,Hola seré tu nutricionista online,,,0,1
,,,,Últimas horas de cyber monday,,,0,1
,,,,Cuéntanos qué te pareció el producto,,,0,1
,,,,Baja este increíble wallpaper HD,,,0,1
,,,,Acumula reward points en cada compra,,,0,1
,,,,Protege a tu familia con un seguro de salud,,,0,1
,,,,Activa las notificaciones de nuestro boletín,,,0,1
,,,,No te pierdas estos bloopers divertidos,,,0,1
,,,,Pon a prueba tu intelecto con sudokus,,,0,1
,,,,Solo hoy 50% de descuento en todo,,,0,1
,,,,Conoce solteros compatibles contigo,,,0,1
,,,,Entérate de las noticias más relevantes,,,0,1
,,,,Marca los músculos de tus sueños,,,0,1
,,,,Trabaja desde casa sin experiencia,,,0,1
,,,,Trae este cupón para un obsequio especial,,,0,1
,,,,Recibe tus envíos gratis por un año,,,0,1
,,,,Ten energía todo el día con nuestras cápsulas,,,0,1
,,,,Obtén Bitcoin gratis con este truco,,,0,1
,,,,Fracciona tus compras hasta 12 meses,,,0,1
,,,,Resalta tu belleza con nuestro labial,,,0,1
,,,,Concursa por entradas VIP al estreno,,,0,1
,,,,Comprueba que eres mayor de edad,,,0,1
,,,,Baja nuestro recetario gratis,,,0,1
,,,,Adelgaza comiendo estos snacks,,,0,1
,,,,Despierta tu niño interior con Lego,,,0,1
,,,,Protege tu auto con nuestro seguro,,,0,1
,,,,Visita nuestra nueva colección,,,0,1
,,,,Domina la oratoria con este curso,,,0,1
,,,,Gana regalos con este código QR,,,0,1
,,,,Acumula millas viajando con nosotros,,,0,1
,,,,Invierte en el futuro de tu retiro,,,0,1
,,,,Rompe este récord y gana fama,,,0,1
,,,,Dibuja como un experto con estos tips,,,0,1
,,,,Flash sale todo debe irse,,,0,1
,,,,Postúlate a este reality show,,,0,1
,,,,Lee los insights clave de la industria,,,0,1
,,,,Marca tu six-pack con nuestro gel,,,0,1
,,,,Gana probando productos como mystery shopper,,,0,1
,,,,Canjea aquí tu cupón de descuento,,,0,1
,,,,Recibe tu súper en la puerta de tu casa,,,0,1
,,,,Fortalece tus defensas con este suplemento,,,0,1
,,,,Genera ingreso extra como freelancer,,,0,1
,,,,Unifica tus deudas con esta tasa especial,,,0,1
,,,,Destaca tus ojos con nuestro nuevo rímel,,,0,1
,,,,Gana una gift card opinando sobre nuestro servicio,,,0,1
,,,,Adjunta una copia de tu cédula,,,0,1
,,,,Baja el instructivo de operación,,,0,1
,,,,Desintoxica tu cuerpo con estos jugos,,,0,1
,,,,Disfruta horas de diversión familiar,,,0,1
,,,,Monetiza tus conocimientos como instructor,,,0,1
,,,,Atrae la suerte con este amuleto,,,0,1
,,,,Descubre las claves de un negocio exitoso,,,0,1
,,,,Pide tu muestra médica gratuita,,,0,1
,,,,Sorprende a tu pareja con este perfume,,,0,1
,,,,Invierte en bienes raíces con expertos,,,0,1
,,,,Ahorra en grande con nuestra cuenta VIP,,,0,1
