subject,sender_name,sender_email,sender_domain,body,url,cta_text,url_count,label,,,,,,,,,
,,,,Tu devolucion esta siendo procesada,,,0,0,,,,,,,,,0
,,,,Recordatorio de tu cita con el nutricionista,,,0,0,,,,,,,,,0
,,,,Agradecemos tu preferencia,,,0,0,,,,,,,,,0
,,,,Firma el acuerdo de confidencialidad adjunto,,,0,0,,,,,,,,,0
,,,,Confirmamos que recibimos tu pedido,,,0,0,,,,,,,,,0
,,,,Tu reclamo esta siendo atendido,,,0,0,,,,,,,,,0
,,,,Hola te gustaria conversar tomando un cafe,,,0,0,,,,,,,,,0
,,,,Confirma tu registro al seminario,,Confirma tu registro al seminario,0,0,,,,,,,,,0
,,,,Tu cuenta ha sido activada exitosamente,,,0,0,,,,,,,,,0
,,,,Valoramos mucho tu retroalimentacion,,,0,0,,,,,,,,,0
,,,,Revisa el estado de cuenta adjunto,,Revisa el estado de cuenta adjunto,0,0,,,,,,,,,0
,,,,Actualiza tus preferencias de pago,,Actualiza tus preferencias de pago,0,0,,,,,,,,,0
,,,,Tu donacion hara la diferencia,,,0,0,,,,,,,,,0
,,,,Feliz cumpleanos que lo pases increible,,,0,0,,,,,,,,,0
,,,,Bienvenido a bordo,,,0,0,,,,,,,,,0
,,,,Tu reservacion esta confirmada,,,0,0,,,,,,,,,0
,,,,Encuentra tu equilibrio con meditacion,,,0,0,,,,,,,,,0
,,,,No calificaste para este prestamo,,,0,0,,,,,,,,,0
,,,,Hola te interesa cotizar un seguro?,,,0,0,,,,,,,,,0
,,,,Gracias por tu lealtad a nuestra marca,,,0,0,,,,,,,,,0
,,,,Tu factura ya esta disponible en linea,,,0,0,,,,,,,,,0
,,,,Completa tu perfil para una mejor experiencia,,,0,0,,,,,,,,,0
,,,,Conoce las actualizaciones a nuestras politicas,,,0,0,,,,,,,,,0
,,,,Felicidades fuiste aceptado en la universidad,,,0,0,,,,,,,,,0
,,,,Agenda tu revision medica anual,,,0,0,,,,,,,,,0
,,,,En agradecimiento por tu preferencia,,,0,0,,,,,,,,,0
,,,,Felicidades estas pre-aprobado para un credito,,,0,0,,,,,,,,,0
,,,,Reconfirma tu reserva para el tratamiento,,,0,0,,,,,,,,,0
,,,,Protegemos tus compras con garantia extendida,,,0,0,,,,,,,,,0
,,,,Revisa mis comentarios al borrador,,Revisa mis comentarios al borrador,0,0,,,,,,,,,0
,,,,Tu equipaje arribara en el siguiente vuelo,,,0,0,,,,,,,,,0
,,,,Gracias por tu interes en nuestra vacante,,,0,0,,,,,,,,,0
,,,,Hola nos encantaria que te unas a nuestro equipo,,,0,0,,,,,,,,,0
,,,,Asiste a nuestra conferencia anual,,,0,0,,,,,,,,,0
,,,,Comienza a disfrutar tu membresia,,,0,0,,,,,,,,,0
,,,,Tus sugerencias nos ayudan a mejorar,,,0,0,,,,,,,,,0
,,,,Revisa tu historial de transacciones,,Revisa tu historial de transacciones,0,0,,,,,,,,,0
,,,,Elige como quieres recibir tu pedido,,,0,0,,,,,,,,,0
,,,,Brinda esperanza apadrinando un nino,,,0,0,,,,,,,,,0
,,,,Feliz aniversario que sigan los exitos,,,0,0,,,,,,,,,0
,,,,Hola planifiquemos juntos tus inversiones,,,0,0,,,,,,,,,0
,,,,Gracias por unirte a nuestro newsletter,,,0,0,,,,,,,,,0
,,,,Tu pedido ha sido despachado,,,0,0,,,,,,,,,0
,,,,Ayudanos a mejorar con tu opinion sincera,,,0,0,,,,,,,,,0
,,,,Informamos el cierre temporal de una sucursal,,,0,0,,,,,,,,,0
,,,,Hola te ayudo en lo que necesites,,,0,0,,,,,,,,,0
,,,,Verifica tu correo para continuar,,Verifica tu correo para continuar | Verifica tu correo para continuar,0,0,,,,,,,,,0
,,,,Gracias por tu comprension,,,0,0,,,,,,,,,0
,,,,Tu certificado de ingresos ya fue emitido,,,0,0,,,,,,,,,0
,,,,Confirma tu numero celular en el sistema,,Confirma tu numero celular en el sistema,0,0,,,,,,,,,0
,,,,Lee como protegemos tu informacion,,,0,0,,,,,,,,,0
,,,,Felicidades eres el empleado del mes,,,0,0,,,,,,,,,0
,,,,Evita cargos por mora pagando a tiempo,,,0,0,,,,,,,,,0
,,,,Feliz cumpleanos de parte de todo el equipo,,,0,0,,,,,,,,,0
,,,,Lee nuestro analisis semanal de la industria,,,0,0,,,,,,,,,0
,,,,Disfruta 30 dias de servicio bonificado,,,0,0,,,,,,,,,0
,,,,No olvides tu evaluacion medica de rutina,,,0,0,,,,,,,,,0
,,,,Gracias por tu compra y disfruta tu regalo,,,0,0,,,,,,,,,0
,,,,Agrega tus comentarios en el documento compartido,,,0,0,,,,,,,,,0
,,,,Tu transfer al hotel te espera afuera,,,0,0,,,,,,,,,0
,,,,Gracias por postular te deseamos exitos,,,0,0,,,,,,,,,0
,,,,Hola agendamos esa llamada pendiente?,,,0,0,,,,,,,,,0
,,,,Confirma tu participacion en el taller,,Confirma tu participacion en el taller,0,0,,,,,,,,,0
,,,,Cambia tu contrasena para mayor seguridad,,,0,0,,,,,,,,,0
,,,,Tus comentarios son valiosos para nosotros,,,0,0,,,,,,,,,0
,,,,Tu boleta de pagos esta lista,,,0,0,,,,,,,,,0
,,,,Elige el plan a tu medida,,,0,0,,,,,,,,,0
,,,,Construyamos juntos un mundo mejor,,,0,0,,,,,,,,,0
,,,,Felices fiestas y prospero Ano Nuevo,,,0,0,,,,,,,,,0
,,,,Agenda tu cita virtual aqui,,,0,0,,,,,,,,,0
,,,,No esperes al corte paga tu recibo hoy,,No esperes al corte paga tu recibo hoy,0,0,,,,,,,,,0
,,,,Gracias por pagar a tiempo y mantener tu cuenta al dia,,Gracias por pagar a tiempo y mantener tu cuenta al dia,0,0,,,,,,,,,0
,,,,Firma el convenio de manera digital,,,0,0,,,,,,,,,0
,,,,Monitorea tu envio con este tracking,,,0,0,,,,,,,,,0
,,,,Tu caso es prioritario para nosotros,,,0,0,,,,,,,,,0
,,,,Hola potenciemos juntos tu negocio,,,0,0,,,,,,,,,0
,,,,Asiste a la junta de accionistas este viernes,,,0,0,,,,,,,,,0
,,,,Activa tu nueva tarjeta con este codigo,,,0,0,,,,,,,,,0
,,,,Tus comentarios constructivos nos hacen crecer,,,0,0,,,,,,,,,0
,,,,Descarga tu estado de cuenta mensual,,Descarga tu estado de cuenta mensual,0,0,,,,,,,,,0
,,,,Elige donde recoger tus paquetes,,,0,0,,,,,,,,,0
,,,,Transforma vidas con tu aporte voluntario,,,0,0,,,,,,,,,0
,,,,Feliz dia mama gracias por tanto amor,,,0,0,,,,,,,,,0
,,,,Haz tu reclamo de subsidio aqui,,,0,0,,,,,,,,,0
,,,,Bienvenido a nuestro selecto grupo,,,0,0,,,,,,,,,0
,,,,Tu compra ya esta lista para retirar,,,0,0,,,,,,,,,0
,,,,Tu satisfaccion es nuestra meta,,,0,0,,,,,,,,,0
,,,,Conoce los nuevos horarios de atencion,,,0,0,,,,,,,,,0
,,,,Hola estare feliz de asesorarte,,,0,0,,,,,,,,,0
,,,,Renueva tu membresia a tiempo,,,0,0,,,,,,,,,0
,,,,Gracias por confiar en nuestros consejos,,,0,0,,,,,,,,,0
,,,,Genera tu certificado tributario electronico,,,0,0,,,,,,,,,0
,,,,Registra tu telefono en un clic,,,0,0,,,,,,,,,0
,,,,Conoce nuestro compromiso con tu seguridad,,,0,0,,,,,,,,,0
,,,,Felicidades te ascendieron a gerente,,,0,0,,,,,,,,,0
,,,,Paga tu cuota antes del 30 y ahorra,,Paga tu cuota antes del 30 y ahorra,0,0,,,,,,,,,0
,,,,Gracias por ser un cliente fiel,,,0,0,,,,,,,,,0
,,,,Recordatorio de tu consulta dental,,,0,0,,,,,,,,,0
,,,,Reclama tu premio por cliente frecuente,,,0,0,,,,,,,,,0
,,,,Comparte tus ideas sobre esta propuesta,,,0,0,,,,,,,,,0
,,,,Tu boleto de avion esta listo,,,0,0,,,,,,,,,0
,,,,Gracias por postular te contactaremos pronto,,,0,0,,,,,,,,,0
,,,,Hola necesito que coordinemos esa junta,,,0,0,,,,,,,,,0
,,,,Confirma tu asistencia al taller de seguridad,,Confirma tu asistencia al taller de seguridad,0,0,,,,,,,,,0
,,,,Tu pin temporal es 3897,,,0,0,,,,,,,,,0
,,,,Tus ideas nos inspiran a seguir mejorando,,,0,0,,,,,,,,,0
,,,,Tu nomina esta disponible para descargar,,Tu nomina esta disponible para descargar,0,0,,,,,,,,,0
,,,,Elige entre debito o credito,,,0,0,,,,,,,,,0
,,,,Salva una vida donando sangre hoy,,,0,0,,,,,,,,,0
,,,,Compra ahora y recibe un descuento especial,,,0,0,,,,,,,,,0
,,,,Necesitas ayuda con tu tarea,,,0,0,,,,,,,,,0
,,,,Por favor responde a esta encuesta,,,0,0,,,,,,,,,0
,,,,Comparte este mensaje con tus amigos,,,0,0,,,,,,,,,0
,,,,Gracias por tu compra,,,0,0,,,,,,,,,0
,,,,Hola soy tu vecino y necesito un favor,,,0,0,,,,,,,,,0
,,,,Por favor confirma tu suscripcion,,Por favor confirma tu suscripcion,0,0,,,,,,,,,0
,,,,Unete a nuestro club de descuentos,,,0,0,,,,,,,,,0
,,,,Hola soy tu amigo de la infancia,,,0,0,,,,,,,,,0
,,,,Por favor dona a esta causa importante,,,0,0,,,,,,,,,0
,,,,Por favor ayudame a encontrar a mi mascota perdida,,,0,0,,,,,,,,,0
,,,,Gracias por tu interes en nuestros servicios,,,0,0,,,,,,,,,0
,,,,Te extrano y quiero verte,,,0,0,,,,,,,,,0
,,,,Estoy en problemas por favor enviame dinero,,,0,0,,,,,,,,,0
,,,,Actualiza tu informacion de contacto,,Actualiza tu informacion de contacto,0,0,,,,,,,,,0
,,,,Necesito tu ayuda urgentemente,,,0,0,,,,,,,,,0
,,,,Este es un recordatorio de tu cita medica,,,0,0,,,,,,,,,0
,,,,Gracias por ser un cliente valioso,,,0,0,,,,,,,,,0
,,,,Tu pedido ha sido enviado,,,0,0,,,,,,,,,0
,,,,Lamento informarte que tu solicitud ha sido rechazada,,,0,0,,,,,,,,,0
,,,,Tu suscripcion expirara pronto,,,0,0,,,,,,,,,0
,,,,Gracias por ponerte en contacto con nuestro equipo de soporte,,,0,0,,,,,,,,,0
,,,,Este es un aviso importante de tu proveedor de servicios,,,0,0,,,,,,,,,0
,,,,Te esperamos en nuestra proxima reunion,,,0,0,,,,,,,,,0
,,,,Confirma tu asistencia al evento,,Confirma tu asistencia al evento,0,0,,,,,,,,,0
,,,,Este es un mensaje de tu banco,,,0,0,,,,,,,,,0
,,,,Te invitamos a participar en nuestra encuesta de satisfaccion,,,0,0,,,,,,,,,0
,,,,Feliz cumpleaños de parte de todo nuestro equipo,,,0,0,,,,,,,,,0
,,,,Este es un recordatorio de tu pago pendiente,,,0,0,,,,,,,,,0
,,,,Gracias por tu donacion a nuestra causa,,,0,0,,,,,,,,,0
,,,,Tu reserva ha sido confirmada,,,0,0,,,,,,,,,0
,,,,Por favor actualiza tus preferencias de comunicacion,,Por favor actualiza tus preferencias de comunicacion,0,0,,,,,,,,,0
,,,,Este es un mensaje automatico de nuestro sistema,,,0,0,,,,,,,,,0
,,,,Tu cita ha sido reprogramada,,,0,0,,,,,,,,,0
,,,,Necesito que me hagas un favor,,,0,0,,,,,,,,,0
,,,,Tu pedido ha sido cancelado,,,0,0,,,,,,,,,0
,,,,Gracias por tu paciencia mientras resolvemos tu problema,,,0,0,,,,,,,,,0
,,,,Tu cuenta ha sido actualizada exitosamente,,,0,0,,,,,,,,,0
,,,,Lamentamos informarte que el producto esta agotado,,,0,0,,,,,,,,,0
,,,,Tu membresia expirara en unos dias,,,0,0,,,,,,,,,0
,,,,Gracias por escribirnos te responderemos a la brevedad,,,0,0,,,,,,,,,0
,,,,Este es un recordatorio de tu proxima cita,,,0,0,,,,,,,,,0
,,,,Te esperamos en la reunion de manana,,,0,0,,,,,,,,,0
,,,,Confirma tu asistencia a la boda,,Confirma tu asistencia a la boda,0,0,,,,,,,,,0
,,,,Este es un aviso de tu banco,,,0,0,,,,,,,,,0
,,,,Te invitamos a probar nuestro nuevo producto,,,0,0,,,,,,,,,0
,,,,Feliz aniversario que tengas un dia maravilloso,,,0,0,,,,,,,,,0
,,,,Este es un recordatorio de tu cita de manana,,,0,0,,,,,,,,,0
,,,,Gracias por tu apoyo a nuestra organizacion,,,0,0,,,,,,,,,0
,,,,Tu reservacion ha sido exitosa,,,0,0,,,,,,,,,0
,,,,Por favor completa tu perfil para una mejor experiencia,,,0,0,,,,,,,,,0
,,,,Este mensaje es para informarte sobre cambios en nuestras politicas,,,0,0,,,,,,,,,0
,,,,Tus resultados medicos estan listos,,,0,0,,,,,,,,,0
,,,,Tu orden ha sido procesada exitosamente,,,0,0,,,,,,,,,0
,,,,Hola me gustaria invitarte a salir,,,0,0,,,,,,,,,0
,,,,Tu paquete esta en camino,,,0,0,,,,,,,,,0
,,,,Estamos trabajando para resolver la incidencia lo antes posible,,Estamos trabajando para resolver la incidencia lo antes posible,0,0,,,,,,,,,0
,,,,Gracias por registrarte en nuestro sitio web,,,0,0,,,,,,,,,0
,,,,Necesito tu colaboracion en un proyecto importante,,,0,0,,,,,,,,,0
,,,,Hemos recibido tu solicitud y la estamos procesando,,,0,0,,,,,,,,,0
,,,,Hola solo queria saber como has estado,,,0,0,,,,,,,,,0
,,,,Gracias por contactar a nuestro servicio al cliente,,,0,0,,,,,,,,,0
,,,,Tu factura esta lista para ser descargada,,,0,0,,,,,,,,,0
,,,,Hola soy Maria tu nueva vecina,,,0,0,,,,,,,,,0
,,,,Este es un recordatorio de tu reserva,,,0,0,,,,,,,,,0
,,,,Realiza tu pago antes de la fecha limite,,,0,0,,,,,,,,,0
,,,,Felicidades por tu logro te lo mereces,,,0,0,,,,,,,,,0
,,,,Lamentamos el inconveniente causado por el retraso en tu vuelo,,,0,0,,,,,,,,,0
,,,,Gracias por tu fidelidad aqui tienes un cupon de descuento,,,0,0,,,,,,,,,0
,,,,Tu cita de manana ha sido confirmada,,,0,0,,,,,,,,,0
,,,,Por favor responde esta breve encuesta sobre tu experiencia,,,0,0,,,,,,,,,0
,,,,Hemos actualizado nuestros terminos y condiciones,,,0,0,,,,,,,,,0
,,,,Recuerda que tienes una tarea pendiente,,,0,0,,,,,,,,,0
,,,,Gracias por preferirnos tu opinion es muy importante para nosotros,,,0,0,,,,,,,,,0
,,,,Esperamos que disfrutes de tu estancia en nuestro hotel,,,0,0,,,,,,,,,0
,,,,Tu pedido ha sido entregado exitosamente,,,0,0,,,,,,,,,0
,,,,Este es un recordatorio de tu próxima cita médica,,,0,0,,,,,,,,,0
,,,,Gracias por tu pago tu cuenta está al día,,,0,0,,,,,,,,,0
,,,,Necesito que me envíes la información solicitada,,,0,0,,,,,,,,,0
,,,,Tu reserva de vuelo ha sido confirmada,,,0,0,,,,,,,,,0
,,,,Hemos recibido tu consulta y te responderemos a la brevedad,,,0,0,,,,,,,,,0
,,,,Hola ¿te gustaría tomar un café conmigo?,,,0,0,,,,,,,,,0
,,,,Por favor confirma tu asistencia al seminario,,Por favor confirma tu asistencia al seminario,0,0,,,,,,,,,0
,,,,Tu suscripción ha sido renovada automáticamente,,,0,0,,,,,,,,,0
,,,,Gracias por tu interés un asesor se comunicará contigo pronto,,,0,0,,,,,,,,,0
,,,,Tu estado de cuenta está listo para ser revisado,,,0,0,,,,,,,,,0
,,,,Por favor actualiza tus preferencias de notificaciones,,Por favor actualiza tus preferencias de notificaciones,0,0,,,,,,,,,0
,,,,Haz una donación y ayuda a cambiar vidas,,,0,0,,,,,,,,,0
,,,,Felicitaciones por tu aniversario laboral,,,0,0,,,,,,,,,0
,,,,Gracias por registrarte disfruta de todos nuestros beneficios,,,0,0,,,,,,,,,0
,,,,Tu paquete está listo para ser recogido,,,0,0,,,,,,,,,0
,,,,Por favor completa la encuesta de satisfacción,,,0,0,,,,,,,,,0
,,,,Lamentamos informarte que tu crédito no ha sido aprobado,,,0,0,,,,,,,,,0
,,,,Hola estoy interesado en tus servicios,,,0,0,,,,,,,,,0
,,,,Gracias por tu visita esperamos verte pronto,,,0,0,,,,,,,,,0
,,,,Tu recibo de pago está disponible para descargar,,Tu recibo de pago está disponible para descargar,0,0,,,,,,,,,0
,,,,Por favor verifica tu dirección de envío,,Por favor verifica tu dirección de envío,0,0,,,,,,,,,0
,,,,Este mensaje es para informarte sobre nuestra nueva política,,,0,0,,,,,,,,,0
,,,,Recuerda que tienes un evento importante mañana,,,0,0,,,,,,,,,0
,,,,Agradecemos tu preferencia sigue disfrutando de nuestros productos,,,0,0,,,,,,,,,0
,,,,Tu orden ha sido actualizada,,,0,0,,,,,,,,,0
,,,,Este es un recordatorio amistoso de tu cita dental,,,0,0,,,,,,,,,0
,,,,Gracias por tu compra tu pedido está siendo procesado,,,0,0,,,,,,,,,0
,,,,Necesito que revises y firmes el contrato adjunto,,,0,0,,,,,,,,,0
,,,,Tu paquete está en camino y llegará pronto,,,0,0,,,,,,,,,0
,,,,Hemos recibido tu reclamo y estamos trabajando en ello,,,0,0,,,,,,,,,0
,,,,Hola ¿te gustaría cenar conmigo este fin de semana?,,,0,0,,,,,,,,,0
,,,,Por favor confirma tu asistencia a la reunión de mañana,,Por favor confirma tu asistencia a la reunión de mañana,0,0,,,,,,,,,0
,,,,Tu membresía ha sido activada exitosamente,,,0,0,,,,,,,,,0
,,,,Gracias por contactarnos valoramos tus comentarios,,,0,0,,,,,,,,,0
,,,,Tu factura del mes está lista para ser pagada,,,0,0,,,,,,,,,0
,,,,Por favor actualiza tu información de pago,,Por favor actualiza tu información de pago,0,0,,,,,,,,,0
,,,,Ayúdanos a construir un mundo mejor con tu aporte,,,0,0,,,,,,,,,0
,,,,Feliz cumpleaños que todos tus deseos se hagan realidad,,,0,0,,,,,,,,,0
,,,,Bienvenido a bordo estamos encantados de tenerte con nosotros,,,0,0,,,,,,,,,0
,,,,Tu reserva ha sido procesada exitosamente,,,0,0,,,,,,,,,0
,,,,Por favor ayúdanos a mejorar contestando esta breve encuesta,,,0,0,,,,,,,,,0
,,,,Lamentamos informarte que tu postulación no ha sido seleccionada,,,0,0,,,,,,,,,0
,,,,Hola me gustaría cotizar tus servicios,,,0,0,,,,,,,,,0
,,,,Gracias por elegirnos estamos para servirte,,,0,0,,,,,,,,,0
,,,,Tu comprobante de pago está adjunto a este mensaje,,,0,0,,,,,,,,,0
,,,,Por favor revisa y actualiza tus datos personales,,Por favor revisa y actualiza tus datos personales | Por favor revisa y actualiza tus datos personales,0,0,,,,,,,,,0
,,,,Importante: cambios en nuestros términos y condiciones,,,0,0,,,,,,,,,0
,,,,Recuerda que tienes una reunión importante el lunes,,,0,0,,,,,,,,,0
,,,,Valoramos tu lealtad aquí tienes un regalo especial,,,0,0,,,,,,,,,0
,,,,Tu reclamo ha sido resuelto favorablemente,,,0,0,,,,,,,,,0
,,,,Este es un recordatorio de tu cita de peluquería,,,0,0,,,,,,,,,0
,,,,Gracias por tu pago tu suscripción ha sido renovada,,,0,0,,,,,,,,,0
,,,,Necesito que me envíes el reporte lo antes posible,,,0,0,,,,,,,,,0
,,,,Tu paquete ha sido entregado exitosamente,,,0,0,,,,,,,,,0
,,,,Hemos recibido tu solicitud y la estamos revisando,,,0,0,,,,,,,,,0
,,,,Hola ¿te gustaría unirte a nuestro club de lectura?,,,0,0,,,,,,,,,0
,,,,Por favor confirma tu asistencia al webinar de mañana,,Por favor confirma tu asistencia al webinar de mañana,0,0,,,,,,,,,0
,,,,Tu cuenta ha sido verificada exitosamente,,,0,0,,,,,,,,,0
,,,,Gracias por tus comentarios siempre buscamos mejorar,,,0,0,,,,,,,,,0
,,,,Tu estado de cuenta está disponible en línea,,,0,0,,,,,,,,,0
,,,,Por favor actualiza tus preferencias de comunicación,,Por favor actualiza tus preferencias de comunicación,0,0,,,,,,,,,0
,,,,Juntos podemos lograr un cambio positivo,,,0,0,,,,,,,,,0
,,,,Feliz aniversario de bodas que sigan cumpliendo muchos más,,,0,0,,,,,,,,,0
,,,,Bienvenido a nuestro programa de recompensas,,,0,0,,,,,,,,,0
,,,,Tu pedido está siendo preparado para envío,,,0,0,,,,,,,,,0
,,,,Por favor cuéntanos sobre tu experiencia con nuestro servicio,,,0,0,,,,,,,,,0
,,,,Lamentamos los inconvenientes causados por el retraso,,,0,0,,,,,,,,,0
,,,,Hola ¿podríamos agendar una llamada?,,,0,0,,,,,,,,,0
,,,,Mil gracias por preferirnos estamos comprometidos con tu satisfacción,,,0,0,,,,,,,,,0
,,,,Tu comprobante fiscal está listo para ser descargado,,,0,0,,,,,,,,,0
,,,,Por favor confirma tu número de teléfono,,Por favor confirma tu número de teléfono,0,0,,,,,,,,,0
,,,,Actualización importante de nuestras políticas de privacidad,,,0,0,,,,,,,,,0
,,,,Felicitaciones fuiste seleccionado para una entrevista,,,0,0,,,,,,,,,0
,,,,Recuerda que tienes una cita médica este jueves,,,0,0,,,,,,,,,0
,,,,Apreciamos tu fidelidad disfruta de este obsequio,,,0,0,,,,,,,,,0
,,,,Tu solicitud ha sido aprobada satisfactoriamente,,,0,0,,,,,,,,,0
,,,,Este es un recordatorio de tu reserva en nuestro restaurante,,,0,0,,,,,,,,,0
,,,,Gracias por tu compra esperamos que disfrutes tu producto,,,0,0,,,,,,,,,0
,,,,Necesito que revises el documento adjunto y me des tus comentarios,,,0,0,,,,,,,,,0
,,,,Tu equipaje está en camino a tu domicilio,,,0,0,,,,,,,,,0
,,,,Hemos recibido tu curriculum y te contactaremos si hay una vacante,,,0,0,,,,,,,,,0
,,,,Hola ¿te gustaría ser parte de nuestro equipo?,,,0,0,,,,,,,,,0
,,,,Por favor confirma tu asistencia a la capacitación de seguridad,,Por favor confirma tu asistencia a la capacitación de seguridad,0,0,,,,,,,,,0
,,,,Tu cuenta ha sido desbloqueada con éxito,,,0,0,,,,,,,,,0
,,,,Agradecemos tus sugerencias siempre son bienvenidas,,,0,0,,,,,,,,,0
,,,,Tu saldo actual y movimientos están en este enlace,,,0,0,,,,,,,,,0
,,,,Por favor elige tu medio de pago preferido,,,0,0,,,,,,,,,0
,,,,Tu donación puede marcar la diferencia en muchas vidas,,,0,0,,,,,,,,,0
,,,,Feliz cumpleaños que este año esté lleno de bendiciones,,,0,0,,,,,,,,,0
,,,,Gracias por unirte a nuestra comunidad online,,,0,0,,,,,,,,,0
,,,,Tu pedido ha sido enviado recibirás una confirmación por correo,,,0,0,,,,,,,,,0
,,,,Por favor comparte tu opinión sobre nuestro nuevo producto,,,0,0,,,,,,,,,0
,,,,Lamentamos el cierre temporal de nuestras oficinas,,,0,0,,,,,,,,,0
,,,,Hola me gustaría más información sobre tus servicios,,,0,0,,,,,,,,,0
,,,,Un millón de gracias por tu confianza sigamos creciendo juntos,,,0,0,,,,,,,,,0
,,,,Tu factura electrónica está lista descárgala aquí,,,0,0,,,,,,,,,0
,,,,Por favor verifica tu información de contacto,,Por favor verifica tu información de contacto,0,0,,,,,,,,,0
,,,,Cambios importantes en nuestros servicios,,,0,0,,,,,,,,,0
,,,,Felicidades has sido promovido a un nuevo cargo,,,0,0,,,,,,,,,0
,,,,Te recordamos que tienes un pago pendiente,,,0,0,,,,,,,,,0
,,,,Te regalamos un cupón por tu cumpleaños,,,0,0,,,,,,,,,0
,,,,Tu garantía ha sido extendida sin costo adicional,,,0,0,,,,,,,,,0
,,,,Este es un recordatorio de tu vuelo de mañana,,,0,0,,,,,,,,,0
,,,,Gracias por tu visita aquí tienes un regalo de despedida,,,0,0,,,,,,,,,0
,,,,Necesito tu aprobación para proceder con el plan,,,0,0,,,,,,,,,0
,,,,Tu orden de compra ha sido procesada exitosamente,,,0,0,,,,,,,,,0
,,,,Hemos recibido tu postulación gracias por tu interés,,,0,0,,,,,,,,,0
,,,,Hola ¿te gustaría colaborar en nuestro proyecto?,,,0,0,,,,,,,,,0
,,,,Por favor responde esta encuesta de satisfacción laboral,,,0,0,,,,,,,,,0
,,,,Tu cuenta ha sido actualizada con las nuevas funciones,,,0,0,,,,,,,,,0
,,,,Valoramos tu opinión cuéntanos cómo podemos servirte mejor,,,0,0,,,,,,,,,0
,,,,Tu resumen de gastos mensual está disponible,,,0,0,,,,,,,,,0
,,,,Ayúdanos a plantar más árboles con tu aporte,,,0,0,,,,,,,,,0
,,,,Felices fiestas que tengas una feliz Navidad y próspero Año Nuevo,,,0,0,,,,,,,,,0
,,,,Estamos procesando tu reembolso,,,0,0,,,,,,,,,0
,,,,Recordatorio: tu cita con el dentista es mañana,,,0,0,,,,,,,,,0
,,,,Gracias por tu orden estamos preparando tu envío,,,0,0,,,,,,,,,0
,,,,Por favor revisa y firma el acuerdo de confidencialidad,,Por favor revisa y firma el acuerdo de confidencialidad,0,0,,,,,,,,,0
,,,,Tu envío está en camino llegará pronto,,,0,0,,,,,,,,,0
,,,,Estamos atendiendo tu reclamo te responderemos a la brevedad,,,0,0,,,,,,,,,0
,,,,Hola ¿te gustaría salir a tomar un café?,,,0,0,,,,,,,,,0
,,,,Tu suscripción ha sido activada bienvenido,,,0,0,,,,,,,,,0
,,,,Gracias por tus comentarios son muy valiosos para nosotros,,,0,0,,,,,,,,,0
,,,,Tu estado de cuenta ya está disponible revísalo aquí,,,0,0,,,,,,,,,0
,,,,Por favor actualiza tus datos de facturación,,Por favor actualiza tus datos de facturación,0,0,,,,,,,,,0
,,,,Únete a nuestra causa y hagamos del mundo un lugar mejor,,,0,0,,,,,,,,,0
,,,,Feliz cumpleaños que todos tus sueños se hagan realidad,,,0,0,,,,,,,,,0
,,,,Gracias por unirte a nuestro equipo bienvenido a bordo,,,0,0,,,,,,,,,0
,,,,Tu reservación ha sido confirmada gracias por elegirnos,,,0,0,,,,,,,,,0
,,,,Aprende a meditar y reduce tu estrés,,,0,0,,,,,,,,,0
,,,,Lamentamos informar que tu crédito no ha sido aprobado,,,0,0,,,,,,,,,0
,,,,Hola me interesa contratar tus servicios,,,0,0,,,,,,,,,0
,,,,Gracias por ser nuestro cliente valoramos tu preferencia,,,0,0,,,,,,,,,0
,,,,Tu factura ya está lista descárgala aquí,,,0,0,,,,,,,,,0
,,,,Por favor verifica y actualiza tu perfil,,Por favor verifica y actualiza tu perfil | Por favor verifica y actualiza tu perfil,0,0,,,,,,,,,0
,,,,Importantes cambios en nuestras políticas de servicio,,,0,0,,,,,,,,,0
,,,,Felicidades has sido seleccionado para una beca,,,0,0,,,,,,,,,0
,,,,Recuerda tu cita para tu chequeo anual,,,0,0,,,,,,,,,0
,,,,Gracias por tu lealtad aquí tienes un código de descuento,,,0,0,,,,,,,,,0
,,,,Tu solicitud ha sido aceptada felicitaciones,,,0,0,,,,,,,,,0
,,,,Recordatorio: tu reserva en el restaurante es esta noche,,,0,0,,,,,,,,,0
,,,,Gracias por tu compra tu satisfacción es nuestra prioridad,,,0,0,,,,,,,,,0
,,,,Por favor revisa el archivo adjunto y envíame tus comentarios,,Por favor revisa el archivo adjunto y envíame tus comentarios,0,0,,,,,,,,,0
,,,,Tu equipaje ha sido enviado pronto estará contigo,,,0,0,,,,,,,,,0
,,,,Hemos recibido tu aplicación te contactaremos pronto,,,0,0,,,,,,,,,0
,,,,Hola nos encantaría que formaras parte de nuestro equipo,,,0,0,,,,,,,,,0
,,,,Por favor asiste a la capacitación obligatoria de mañana,,,0,0,,,,,,,,,0
,,,,Tu cuenta ya está activa empieza a disfrutar de los beneficios,,,0,0,,,,,,,,,0
,,,,Agradecemos tus ideas nos ayudan a mejorar,,,0,0,,,,,,,,,0
,,,,Aquí está tu estado de cuenta mensual,,,0,0,,,,,,,,,0
,,,,Por favor selecciona tu forma de pago,,,0,0,,,,,,,,,0
,,,,Ayúdanos a construir más escuelas con tu donativo,,,0,0,,,,,,,,,0
,,,,Feliz aniversario que sigan cumpliendo muchos más juntos,,,0,0,,,,,,,,,0
,,,,Gracias por ser parte de nuestra comunidad,,,0,0,,,,,,,,,0
,,,,Tu orden ha sido enviada te mantendremos informado,,,0,0,,,,,,,,,0
,,,,Ayúdanos a mejorar con tu opinión sincera,,,0,0,,,,,,,,,0
,,,,Informamos que nuestras tiendas permanecerán cerradas hoy,,,0,0,,,,,,,,,0
,,,,Hola cuéntame más sobre el proyecto que mencionaste,,,0,0,,,,,,,,,0
,,,,Gracias por confiar en nosotros estamos para servirte,,,0,0,,,,,,,,,0
,,,,Tu recibo fiscal ya está disponible descárgalo aquí,,,0,0,,,,,,,,,0
,,,,Por favor verifica tus datos de contacto,,Por favor verifica tus datos de contacto,0,0,,,,,,,,,0
,,,,Nuevas actualizaciones en nuestros términos y condiciones,,,0,0,,,,,,,,,0
,,,,Felicidades por tu ascenso te lo mereces,,,0,0,,,,,,,,,0
,,,,Recuerda que tu pago vence la próxima semana,,,0,0,,,,,,,,,0
,,,,Feliz cumpleaños te enviamos un obsequio virtual,,,0,0,,,,,,,,,0
,,,,Hemos extendido tu garantía sin costo adicional,,,0,0,,,,,,,,,0
,,,,Confirmación de tu vuelo para mañana,,,0,0,,,,,,,,,0
,,,,Gracias por visitarnos vuelve pronto,,,0,0,,,,,,,,,0
,,,,Necesito tu autorización para el siguiente paso,,,0,0,,,,,,,,,0
,,,,Tu pago ha sido procesado con éxito,,,0,0,,,,,,,,,0
,,,,Gracias por postular consideraremos tu perfil,,,0,0,,,,,,,,,0
,,,,Hola ¿te interesa formar parte de nuestro equipo?,,,0,0,,,,,,,,,0
,,,,Por favor completa la encuesta del clima laboral,,,0,0,,,,,,,,,0
,,,,Tu cuenta ha sido mejorada con nuevas características,,,0,0,,,,,,,,,0
,,,,Tu opinión nos importa cuéntanos cómo te fue,,,0,0,,,,,,,,,0
,,,,Tu balance y movimientos del mes están listos,,,0,0,,,,,,,,,0
,,,,Apoya a nuestra fundación con tu aporte voluntario,,,0,0,,,,,,,,,0
,,,,Felices fiestas te deseamos paz y prosperidad,,,0,0,,,,,,,,,0
,,,,Reserva tu cita online y evita filas,,,0,0,,,,,,,,,0
,,,,Recordatorio amistoso: tu factura está por vencer,,,0,0,,,,,,,,,0
,,,,Gracias por tu pago tu servicio está activo,,,0,0,,,,,,,,,0
,,,,Revisa el documento adjunto y fírmalo digitalmente,,Revisa el documento adjunto y fírmalo digitalmente,0,0,,,,,,,,,0
,,,,Tu paquete llegará en las próximas 48 horas,,,0,0,,,,,,,,,0
,,,,Atenderemos tu caso prioritariamente,,,0,0,,,,,,,,,0
,,,,Hola tengamos una charla sobre tu futuro,,,0,0,,,,,,,,,0
,,,,Confirma tu asistencia a la junta directiva,,Confirma tu asistencia a la junta directiva,0,0,,,,,,,,,0
,,,,Tu nueva tarjeta de débito está en camino,,,0,0,,,,,,,,,0
,,,,Agradecemos tus comentarios constructivos,,,0,0,,,,,,,,,0
,,,,Tu saldo actual y próximos pagos,,,0,0,,,,,,,,,0
,,,,Por favor selecciona el punto de entrega,,,0,0,,,,,,,,,0
,,,,Únete a nuestros voluntarios y cambia vidas,,,0,0,,,,,,,,,0
,,,,Feliz Día de la Madre felicidades a tu mamá,,,0,0,,,,,,,,,0
,,,,Reclama tu seguro de desempleo aquí,,,0,0,,,,,,,,,0
,,,,Bienvenido a nuestro selecto club,,,0,0,,,,,,,,,0
,,,,Tu pedido está casi listo pasa a recogerlo,,,0,0,,,,,,,,,0
,,,,Qué te pareció tu experiencia con nuestro equipo?,,,0,0,,,,,,,,,0
,,,,Comunicado oficial: nuevos horarios de atención,,,0,0,,,,,,,,,0
,,,,Sé que tienes dudas con gusto te las aclaro,,,0,0,,,,,,,,,0
,,,,Mil gracias por elegirnos haremos hasta lo imposible por satisfacerte,,,0,0,,,,,,,,,0
,,,,Tu comprobante de retención está listo,,,0,0,,,,,,,,,0
,,,,Por favor verifica tu número celular,,Por favor verifica tu número celular,0,0,,,,,,,,,0
,,,,Presentamos nuestro nuevo aviso de privacidad,,,0,0,,,,,,,,,0
,,,,Felicidades has sido nominado a empleado del mes,,,0,0,,,,,,,,,0
,,,,Evita recargos pagando tu cuenta a tiempo,,,0,0,,,,,,,,,0
,,,,Un regalo especial por ser nuestro cliente fiel,,,0,0,,,,,,,,,0
,,,,Extendimos tu periodo de prueba gratis,,,0,0,,,,,,,,,0
,,,,Recordatorio de tu cita médica de control,,,0,0,,,,,,,,,0
,,,,Gracias por tu compra reclama tu regalo aquí,,,0,0,,,,,,,,,0
,,,,Comparte conmigo tus comentarios del borrador,,,0,0,,,,,,,,,0
,,,,Tu viaje de negocios está todo reservado,,,0,0,,,,,,,,,0
,,,,Gracias por aplicar te llamaremos si hay vacantes,,,0,0,,,,,,,,,0
,,,,Hola me encantaría que nos reuniéramos,,,0,0,,,,,,,,,0
,,,,Confirma tu asistencia al taller de seguridad,,Confirma tu asistencia al taller de seguridad,0,0,,,,,,,,,0
,,,,Tu nueva contraseña ya está activa,,,0,0,,,,,,,,,0
,,,,Ayúdanos a servirte mejor con tus sugerencias,,,0,0,,,,,,,,,0
,,,,Tu recibo de nómina está disponible aquí,,,0,0,,,,,,,,,0
,,,,Por favor selecciona la sede de tu preferencia,,,0,0,,,,,,,,,0
,,,,Salvemos más vidas con tu donación,,,0,0,,,,,,,,,0
,,,,Tu reembolso está en proceso,,,0,0,,,,,,,,,0
,,,,No olvides tu cita para la limpieza dental,,,0,0,,,,,,,,,0
,,,,Gracias por comprar con nosotros,,,0,0,,,,,,,,,0
,,,,Necesito que firmes el NDA adjunto,,,0,0,,,,,,,,,0
,,,,Tu pedido está en ruta de entrega,,,0,0,,,,,,,,,0
,,,,Estamos revisando tu queja,,,0,0,,,,,,,,,0
,,,,Hola ¿quieres tener una cita conmigo?,,,0,0,,,,,,,,,0
,,,,Confirma tu asistencia al workshop,,Confirma tu asistencia al workshop,0,0,,,,,,,,,0
,,,,Tu membresía ha sido aprobada,,,0,0,,,,,,,,,0
,,,,Tu feedback es valioso para nosotros,,,0,0,,,,,,,,,0
,,,,Tu balance mensual ya fue generado,,,0,0,,,,,,,,,0
,,,,Actualiza tu método de pago,,Actualiza tu método de pago,0,0,,,,,,,,,0
,,,,Apoya esta noble causa con tu aporte,,,0,0,,,,,,,,,0
,,,,Feliz cumpleaños pásala increíble,,,0,0,,,,,,,,,0
,,,,Bienvenido al equipo,,,0,0,,,,,,,,,0
,,,,Tu habitación de hotel está lista,,,0,0,,,,,,,,,0
,,,,Encuentra tu paz interior con yoga,,,0,0,,,,,,,,,0
,,,,Tu solicitud de crédito fue denegada,,,0,0,,,,,,,,,0
,,,,Hola cotiza nuestros servicios aquí,,,0,0,,,,,,,,,0
,,,,Gracias por preferirnos siempre,,,0,0,,,,,,,,,0
,,,,Descarga tu estado de cuenta aquí,,Descarga tu estado de cuenta aquí,0,0,,,,,,,,,0
,,,,Verifica y completa tu información personal,,Verifica y completa tu información personal,0,0,,,,,,,,,0
,,,,Lee nuestros nuevos términos de servicio,,,0,0,,,,,,,,,0
,,,,Felicidades obtuviste la beca,,,0,0,,,,,,,,,0
,,,,Agenda tu cita para el chequeo anual,,,0,0,,,,,,,,,0
,,,,Gracias por tu fidelidad,,,0,0,,,,,,,,,0
,,,,Felicidades tu crédito fue pre-aprobado,,,0,0,,,,,,,,,0
,,,,Reconfirma tu cita en el spa,,,0,0,,,,,,,,,0
,,,,Tu compra está protegida,,,0,0,,,,,,,,,0
,,,,Envíame tus observaciones del reporte,,,0,0,,,,,,,,,0
,,,,Tu maleta llegará en el próximo vuelo,,,0,0,,,,,,,,,0
,,,,Gracias por postular te tendremos en cuenta,,,0,0,,,,,,,,,0
,,,,Hola únete a nuestro dream team,,,0,0,,,,,,,,,0
,,,,Asiste a la charla motivacional,,,0,0,,,,,,,,,0
,,,,Empeza a disfrutar tu suscripción,,,0,0,,,,,,,,,0
,,,,Tus comentarios nos hacen mejores,,,0,0,,,,,,,,,0
,,,,Revisa tus transacciones recientes,,Revisa tus transacciones recientes,0,0,,,,,,,,,0
,,,,Elige tu método de envío favorito,,,0,0,,,,,,,,,0
,,,,Cambia una vida apadrinando un niño,,,0,0,,,,,,,,,0
,,,,Feliz aniversario de bodas,,,0,0,,,,,,,,,0
,,,,Hola optimicemos juntos tus finanzas,,,0,0,,,,,,,,,0
,,,,Gracias por unirte a nuestra comunidad virtual,,,0,0,,,,,,,,,0
,,,,Confirmamos el despacho de tu orden,,,0,0,,,,,,,,,0
,,,,Tu opinión sincera nos importa,,,0,0,,,,,,,,,0
,,,,Comunicado: cambio temporal de sede,,,0,0,,,,,,,,,0
,,,,Hola resolveré todas tus consultas,,,0,0,,,,,,,,,0
,,,,Valida tu mail para continuar,,Valida tu mail para continuar | Valida tu mail para continuar,0,0,,,,,,,,,0
,,,,Gracias por tu paciencia,,,0,0,,,,,,,,,0
,,,,Tu certificado tributario está listo,,,0,0,,,,,,,,,0
,,,,Verifica tu número de teléfono,,Verifica tu número de teléfono,0,0,,,,,,,,,0
,,,,Conoce nuestro compromiso con tu privacidad,,,0,0,,,,,,,,,0
,,,,Felicidades por tu desempeño sobresaliente,,,0,0,,,,,,,,,0
,,,,Paga a tiempo y mantén tu récord crediticio,,Paga a tiempo y mantén tu récord crediticio,0,0,,,,,,,,,0
,,,,Reclama aquí tu gift card de cumpleaños,,,0,0,,,,,,,,,0
,,,,Disfruta 30 días más de cortesía,,,0,0,,,,,,,,,0
,,,,Revisa los resultados de tus exámenes médicos,,Revisa los resultados de tus exámenes médicos,0,0,,,,,,,,,0
,,,,Gracias por comprar reclama tu cashback,,,0,0,,,,,,,,,0
,,,,Agrégame tus comentarios en el documento,,,0,0,,,,,,,,,0
,,,,Tu vuelo está confirmado,,,0,0,,,,,,,,,0
,,,,Gracias por tu interés te contactaremos pronto,,,0,0,,,,,,,,,0
,,,,Hola ¿cuándo nos juntamos?,,,0,0,,,,,,,,,0
,,,,Confirma tu presencia en la capacitación,,Confirma tu presencia en la capacitación,0,0,,,,,,,,,0
,,,,Accede con tu nueva clave temporal,,,0,0,,,,,,,,,0
,,,,Tu feedback nos ayuda a crecer,,,0,0,,,,,,,,,0
,,,,Tu boleta de pago está disponible,,,0,0,,,,,,,,,0
,,,,Elige el plan que más te convenga,,,0,0,,,,,,,,,0
,,,,Construyamos un refugio con tu apoyo,,,0,0,,,,,,,,,0
,,,,Felices Pascuas disfruta en familia,,,0,0,,,,,,,,,0
,,,,Agenda tu cita online,,,0,0,,,,,,,,,0
,,,,Evita el corte pagando hoy mismo,,,0,0,,,,,,,,,0
,,,,Gracias por pagar puntualmente,,Gracias por pagar puntualmente,0,0,,,,,,,,,0
,,,,Revisa y aprueba el contrato digital,,Revisa y aprueba el contrato digital,0,0,,,,,,,,,0
,,,,Rastrea tu envío con este código,,,0,0,,,,,,,,,0
,,,,Resolveremos tu caso a la brevedad,,,0,0,,,,,,,,,0
,,,,Hola evaluemos tu perfil profesional,,,0,0,,,,,,,,,0
,,,,Asiste a la reunión de accionistas,,,0,0,,,,,,,,,0
,,,,Activa tu nueva tarjeta con una compra,,,0,0,,,,,,,,,0
,,,,Agradecemos tus ideas de mejora,,,0,0,,,,,,,,,0
,,,,Revisa tu saldo y próximas facturas,,Revisa tu saldo y próximas facturas,0,0,,,,,,,,,0
,,,,Elige dónde recoger tu paquete,,,0,0,,,,,,,,,0
,,,,Súmate como voluntario y cambia realidades,,,0,0,,,,,,,,,0
,,,,Feliz día mamá eres la mejor,,,0,0,,,,,,,,,0
,,,,Solicita tu seguro de desempleo,,Solicita tu seguro de desempleo,0,0,,,,,,,,,0
,,,,Disfruta los beneficios de ser socio,,,0,0,,,,,,,,,0
,,,,Tu orden está lista para recoger,,,0,0,,,,,,,,,0
,,,,Tu opinión sobre nuestro servicio nos interesa,,,0,0,,,,,,,,,0
,,,,Informamos nuestros nuevos horarios,,,0,0,,,,,,,,,0
,,,,Hola ¿en qué puedo asesorarte?,,,0,0,,,,,,,,,0
,,,,Gracias por confiar en nuestra asesoría,,,0,0,,,,,,,,,0
,,,,Tu certificado de retenciones ya fue generado,,,0,0,,,,,,,,,0
,,,,Comprueba tu número telefónico,,,0,0,,,,,,,,,0
,,,,Conoce cómo protegemos tus datos,,,0,0,,,,,,,,,0
,,,,Felicidades por tu ascenso,,,0,0,,,,,,,,,0
,,,,Paga hoy y evita intereses de mora,,Paga hoy y evita intereses de mora,0,0,,,,,,,,,0
,,,,Gracias por ser parte de nuestro club,,,0,0,,,,,,,,,0
,,,,Extendimos tu membresía sin costo,,,0,0,,,,,,,,,0
,,,,Recordatorio: tu revisión médica anual,,,0,0,,,,,,,,,0
,,,,Reclama aquí tu premio por tu compra,,,0,0,,,,,,,,,0
,,,,Comparte conmigo tus ideas sobre el proyecto,,,0,0,,,,,,,,,0
,,,,Tu taxi al aeropuerto llegará en 10 minutos,,,0,0,,,,,,,,,0
,,,,Gracias por postular suerte en tu búsqueda,,,0,0,,,,,,,,,0
,,,,Hola coordinemos esa reunión pendiente,,,0,0,,,,,,,,,0
,,,,Confirma tu participación en el simulacro,,Confirma tu participación en el simulacro,0,0,,,,,,,,,0
,,,,Tu nueva clave ya está operativa,,,0,0,,,,,,,,,0
,,,,Buscamos mejorar con tus sugerencias,,,0,0,,,,,,,,,0
,,,,Ya puedes descargar tu boleta de pago,,Ya puedes descargar tu boleta de pago,0,0,,,,,,,,,0
,,,,Elige cómo quieres pagar,,Elige cómo quieres pagar,0,0,,,,,,,,,0
,,,,Salva una mascota adoptando,,,0,0,,,,,,,,,0
,,,,Tu reembolso está en proceso,,,0,0,,,,,,,,,0
,,,,No olvides tu cita para la limpieza dental,,,0,0,,,,,,,,,0
,,,,Gracias por comprar con nosotros,,,0,0,,,,,,,,,0
,,,,Necesito que firmes el NDA adjunto,,,0,0,,,,,,,,,0
,,,,Tu pedido está en ruta de entrega,,,0,0,,,,,,,,,0
,,,,Estamos revisando tu queja,,,0,0,,,,,,,,,0
,,,,Hola ¿quieres tener una cita conmigo?,,,0,0,,,,,,,,,0
,,,,Confirma tu asistencia al workshop,,Confirma tu asistencia al workshop,0,0,,,,,,,,,0
,,,,Tu membresía ha sido aprobada,,,0,0,,,,,,,,,0
,,,,Tu feedback es valioso para nosotros,,,0,0,,,,,,,,,0
,,,,Tu balance mensual ya fue generado,,,0,0,,,,,,,,,0
,,,,Actualiza tu método de pago,,Actualiza tu método de pago,0,0,,,,,,,,,0
,,,,Apoya esta noble causa con tu aporte,,,0,0,,,,,,,,,0
,,,,Feliz cumpleaños pásala increíble,,,0,0,,,,,,,,,0
,,,,Bienvenido al equipo,,,0,0,,,,,,,,,0
,,,,Tu habitación de hotel está lista,,,0,0,,,,,,,,,0
,,,,Encuentra tu paz interior con yoga,,,0,0,,,,,,,,,0
,,,,Tu solicitud de crédito fue denegada,,,0,0,,,,,,,,,0
,,,,Hola cotiza nuestros servicios aquí,,,0,0,,,,,,,,,0
,,,,Gracias por preferirnos siempre,,,0,0,,,,,,,,,0
,,,,Descarga tu estado de cuenta aquí,,Descarga tu estado de cuenta aquí,0,0,,,,,,,,,0
,,,,Verifica y completa tu información personal,,Verifica y completa tu información personal,0,0,,,,,,,,,0
,,,,Lee nuestros nuevos términos de servicio,,,0,0,,,,,,,,,0
,,,,Felicidades obtuviste la beca,,,0,0,,,,,,,,,0
,,,,Agenda tu cita para el chequeo anual,,,0,0,,,,,,,,,0
,,,,Gracias por tu fidelidad,,,0,0,,,,,,,,,0
,,,,Felicidades tu crédito fue pre-aprobado,,,0,0,,,,,,,,,0
,,,,Reconfirma tu cita en el spa,,,0,0,,,,,,,,,0
,,,,Tu compra está protegida,,,0,0,,,,,,,,,0
,,,,Envíame tus observaciones del reporte,,,0,0,,,,,,,,,0
,,,,Tu maleta llegará en el próximo vuelo,,,0,0,,,,,,,,,0
,,,,Gracias por postular te tendremos en cuenta,,,0,0,,,,,,,,,0
,,,,Hola únete a nuestro dream team,,,0,0,,,,,,,,,0
,,,,Asiste a la charla motivacional,,,0,0,,,,,,,,,0
,,,,Empeza a disfrutar tu suscripción,,,0,0,,,,,,,,,0
,,,,Tus comentarios nos hacen mejores,,,0,0,,,,,,,,,0
,,,,Revisa tus transacciones recientes,,Revisa tus transacciones recientes,0,0,,,,,,,,,0
,,,,Elige tu método de envío favorito,,,0,0,,,,,,,,,0
,,,,Cambia una vida apadrinando un niño,,,0,0,,,,,,,,,0
,,,,Feliz aniversario de bodas,,,0,0,,,,,,,,,0
,,,,Hola optimicemos juntos tus finanzas,,,0,0,,,,,,,,,0
,,,,Gracias por unirte a nuestra comunidad virtual,,,0,0,,,,,,,,,0
,,,,Confirmamos el despacho de tu orden,,,0,0,,,,,,,,,0
,,,,Tu opinión sincera nos importa,,,0,0,,,,,,,,,0
,,,,Comunicado: cambio temporal de sede,,,0,0,,,,,,,,,0
,,,,Hola resolveré todas tus consultas,,,0,0,,,,,,,,,0
,,,,Valida tu mail para continuar,,Valida tu mail para continuar | Valida tu mail para continuar,0,0,,,,,,,,,0
,,,,Gracias por tu paciencia,,,0,0,,,,,,,,,0
,,,,Tu certificado tributario está listo,,,0,0,,,,,,,,,0
,,,,Verifica tu número de teléfono,,Verifica tu número de teléfono,0,0,,,,,,,,,0
,,,,Conoce nuestro compromiso con tu privacidad,,,0,0,,,,,,,,,0
,,,,Felicidades por tu desempeño sobresaliente,,,0,0,,,,,,,,,0
,,,,Paga a tiempo y mantén tu récord crediticio,,Paga a tiempo y mantén tu récord crediticio,0,0,,,,,,,,,0
,,,,Reclama aquí tu gift card de cumpleaños,,,0,0,,,,,,,,,0
,,,,Disfruta 30 días más de cortesía,,,0,0,,,,,,,,,0
,,,,Revisa los resultados de tus exámenes médicos,,Revisa los resultados de tus exámenes médicos,0,0,,,,,,,,,0
,,,,Gracias por comprar reclama tu cashback,,,0,0,,,,,,,,,0
,,,,Agrégame tus comentarios en el documento,,,0,0,,,,,,,,,0
,,,,Tu vuelo está confirmado,,,0,0,,,,,,,,,0
,,,,Gracias por tu interés te contactaremos pronto,,,0,0,,,,,,,,,0
,,,,Hola ¿cuándo nos juntamos?,,,0,0,,,,,,,,,0
,,,,Confirma tu presencia en la capacitación,,Confirma tu presencia en la capacitación,0,0,,,,,,,,,0
,,,,Accede con tu nueva clave temporal,,,0,0,,,,,,,,,0
,,,,Tu feedback nos ayuda a crecer,,,0,0,,,,,,,,,0
,,,,Tu boleta de pago está disponible,,,0,0,,,,,,,,,0
,,,,Elige el plan que más te convenga,,,0,0,,,,,,,,,0
,,,,Construyamos un refugio con tu apoyo,,,0,0,,,,,,,,,0
,,,,Felices Pascuas disfruta en familia,,,0,0,,,,,,,,,0
,,,,Agenda tu cita online,,,0,0,,,,,,,,,0
,,,,Evita el corte pagando hoy mismo,,,0,0,,,,,,,,,0
,,,,Gracias por pagar puntualmente,,Gracias por pagar puntualmente,0,0,,,,,,,,,0
,,,,Revisa y aprueba el contrato digital,,Revisa y aprueba el contrato digital,0,0,,,,,,,,,0
,,,,Rastrea tu envío con este código,,,0,0,,,,,,,,,0
,,,,Resolveremos tu caso a la brevedad,,,0,0,,,,,,,,,0
,,,,Hola evaluemos tu perfil profesional,,,0,0,,,,,,,,,0
