subject                                                                        , sender_name , sender_email                                             , sender_domain    , body                                                                                                                                                                                                                                                                                                                                                                                                                                                                                                                                                                                                                                                                                                                                                                                                                                                                                                                                                                                                                                                                                                                                                                                                                                                                                                                                                                                     , url                                                                               , cta_text                            , url_count, label
Note has been strange activity in your account. Please confirm your information, Paypal      , noreplay@service.com                                     , service.com      , "Su cuenta PayPal ha sido limitada ! Estimado cliente PayPal, Recientemente hemos recibido un informe de un intento de pago no autorizado con la tarjeta asociada a su cuenta PayPal. Para protegerlo contra cualquier otro intento de pago no autorizado, Hemos limitado el acceso a su cuenta PayPal. Por favor, Inicie sesion a su cuenta PayPal y tomese unos minutos para ver mas detalles sobre su caso y saber que pasos debe seguir para poder remover los limites de su cuenta. Iniciar Sesion Gracias por unirse a los 150 millones de personas que confian en nosotros para realizar transacciones financieras seguras en todo el mundo. Gracias, PayPal"                                                                                                                                                                                                                                                                                                                                                                                                                                                                                                                                                                                                                                                                                                                     ,                                                                                   ,                                     ,         0,     1
Aviso de Factura                                                               , cfe         , servicioalcliente@cfe.gob.mx                             , cfe.gob.mx       , "Aviso de Facturación Estimado Cliente Como parte del servicio de CFEMail, al que estás suscrito, te enviamos el acceso donde encontrarás el estado de cuenta en formato Microsoft Word. El documento se encuentra axeno en este correo. Nota: Si deseas pagar en internet te ofrecemos: Bancomer, Banamex, Banco Santander, Inbursa y Banorte, sólo necesitas digitar la referencia. Recuerda que puedes solicitar el cargo automático a tu cuenta de cheques. Considera que en los comercios y bancos autorizados aceptan pagos antes de la fecha límite."                                                                                                                                                                                                                                                                                                                                                                                                                                                                                                                                                                                                                                                                                                                                                                                                                             ,                                                                                   , pagar                               ,         0,     1
Envío de tu Recibo Telmex                                                      , telmex      , recibos@mail.telmex.com                                  , mail.telmex.com  , "Consulta tu Recibo Telmex Estimado(a) Cliente: Te informamos a traves de este correo electrónico, el saldo al corte de tu línea Telmex. Su adeudo es de $8,791.00 Toda la información se encuentra detallada en un documento adjunto en este correo. La fecha límite de pago es el 24-ABR-2015. Gracias por consultar nuestros servicios en línea. Únete a la campaña Recibo Telmex sin papel Solicítalo ahora » Este es un correo de carácter informativo, favor de no responderlo. Para dudas o asesoría de Mi Telmex consulta nuestra sección de Asistencia y Soporte o llámanos al 01 800 123 1114."                                                                                                                                                                                                                                                                                                                                                                                                                                                                                                                                                                                                                                                                                                                                                                                ,                                                                                   ,                                     ,         0,     1
Retiro/Compra de la Cuenta Banamex                                             , banamex     , notificaciones@banamex.com.mx                            , banamex.com.mx   , "Notificaciones Banamex Estimado cliente de Banamex Le informamos que debido a la reforma a la ley federal de protección de datos incorporada el 1 de Junio del año en curso es necesario realizar una breve sincronización de datos, esto con la finalidad de ofrecer un servicio de calidad, esta reforma nos solicita a todas las entidades financieras realizar una sincronización de datos una vez por mes para mantener los estándares de seguridad necesarios para operar atreves del servicio bancanet. Por lo que le solicitamos realizar dicha actualización para continuar utilizando el servicio de banca por internet Banacnet ingrese según su tipo de acceso BancaNet BancaNet Empresarial Banamex Datos de la operacion Operacion: Retiro/Compra Estatus: Exitoso No. de autorización: 26682 Se adjunta un documento con toda la información sobre la operacion realizada. (Para ver el documento se necesita tener instalado Microsoft Word.) Seguridad Banamex Tipo de Operación: Bloqueo de Seguridad. Cuenta/Tarjeta: Tarjeta M.N. 458 No. de Autorización: 85914 Accion Requerida: Por Motivos de seguridad su cuenta ha sido bloqueada ingrese en el enlace que se le proporciona para verificar su identidad. Autorizacion para Desbloqueo: https://www.bancanetempresarial.banamex.com.mx/bestbanking/spanishdir/bankmain.htm Fecha y hora: 02/06/15 10:28:25 AM", https://www.bancanetempresarial.banamex.com.mx/bestbanking/spanishdir/bankmain.htm, verificar                           ,         1,     1
"Felicitaciones, usted ganó 200"                                               , BBVA        , ganadores@bbva.es                                        , bbva.es          , "BBVA Felicitaciones, Usted es uno de los 400 ganadores del premio por valor de 200 € a fecha de 17 de enero de 2012. Para obtener el premio, haga clic en el enlace más abajo para su concesión. Su premio será abonado a su cuenta de BBVA en las próximas 24 horas. Haga clic en el enlace de abajo para continuar: http://www.bbva.es/ganadores Gracias Banco Bilbao Vizcaya Argentaria S.A. - 2012"                                                                                                                                                                                                                                                                                                                                                                                                                                                                                                                                                                                                                                                                                                                                                                                                                                                                                                                                                                                 , http://www.bbva.es/ganadores                                                      , Haga clic en el enlace de abajo para,         1,     1
[Notificación] - Cita 19/02/2021 :                                             , amazon      , amzeursp.sales@rewardnow.online                          , rewardnow.online , "Confirmación Número de recompensas - Samsung GALAXY S2016.202220 querido cliente, Ecomo cliente de Amazon, se registra automáticamente en el programa de fidelización. Te informamos que desde tu registro en Amazon, tu total de puntos acumulados es 61,145, con vencimiento el 22/02/2021. El envio se realizará después de la confirmación de su dirección así como del pago del servicio de entrega. Recupera un Samsung GALAXY S20 con tus puntos de fidelidad. Detalles de la oferta Confirmado el - 19/02/2021 Samsung GALAXY S20 Vendido por - Amazon Importe a pagar - 1,5 € PROCEDIMIENTO DE CONFIRMACIÓN Y CONTINUACIÓN"                                                                                                                                                                                                                                                                                                                                                                                                                                                                                                                                                                                                                                                                                                                                                    ,                                                                                   , pagar                               ,         0,     1
Fwd: compra no autorizada                                                      , mercado pago, visa@socios.com                                          , socios.com       , VISA Estimado/a Cliente: Se le informa que en el día de la fecha 17/06 hemos recibido una compra online echa hacia la entidad de Mercado Pago Por un total de $1950 desde una dirección de ip que no es la que usa usted habitualmente. le sugerimos si usted no fue quien realizo dicha compra puede optar por hacer la cancelación online de manera rápida y sencilla para proteger de futuros fraudes. desde ya le solicitamos verificar que todos sus movimientos sean verificados. VISA ARGENTINA. Fecha:. 12/06/17 Saldo en pesos: 21000.00 Entidad: MercadoPago Cuotas: 12 Si usted no realizo dicha compra ingrese al link que figura debajo:. http://inetservvisa.com.ar/visahome/socios?windowId=f35                                                                                                                                                                                                                                                                                                                                                                                                                                                                                                                                                                                                                                                                           , http://inetservvisa.com.ar/visahome/socios?windowId=f35                           , verificar                           ,         1,     1
REGISTRO DE PROVEEDORES 2023                                                   , pemex       , suppliers@pemex-vendors.com                              , pemex-vendors.com, "Estimado Sr./Sra, Saludos del dia. Estamos invitando a su estimada empresa para el registro de proveedores y socios potenciales para los proyectos 2022/2023 de Petróleos Mexicanos (Pemex) Estos proyectos están abiertos para todas las empresas alrededor del mundo, si usted tiene intención de participar en el proceso, por favor muestre su interés solicitando el Cuestionario de Vendedor y EOI. Agradecemos su interés en esta invitación y esperamos su pronta respuesta. Atentamente, Petróleos Mexicanos (Pemex) Senior Project Manager"                                                                                                                                                                                                                                                                                                                                                                                                                                                                                                                                                                                                                                                                                                                                                                                                                                   ,                                                                                   ,                                     ,         0,     1
Restaurar su cuenta                                                            , banamex     , info@banamex.com.mx                                      , banamex.com.mx   , "Estimado cliente, Lamentamos informarle que su BancaNet se ha suspendido. Un gran número de intentos de conexión se han registrado en su cuenta. Como medida de seguridad hemos tenido que suspender temporalmente su cuenta. Para restaurar su cuenta, hemos adjuntado una forma a este correo electrónico. Descargue el formulario, descomprimirlo y seguir las instrucciones en la pantalla. NOTA: El formulario debe estar abierto en un javascript moderna, activa, navegador (por ejemplo: Internet Explorer 8, Firefox 3, Safari 3, Opera 9). Nos disculpamos por cualquier inconveniente que esto pueda haber causado. Atentamente, Banamex equipo de seguridad"                                                                                                                                                                                                                                                                                                                                                                                                                                                                                                                                                                                                                                                                                                                ,                                                                                   ,                                     ,         0,     1
Portabilidad de cuenta                                                         , bancomer    , bancomer@web-login.site                                  , web-login.site   , "BBVA Bancomer Estimado Recibimos la solicitud que usted presentó para que los recursos de sus salarios, pensiones y otras prestaciones de carácter laboral, que actualmente se depositan en la cuenta que usted tiene con esta institución, se transfieran de forma periódica a la cuenta número 54110******** que esa Institución le lleva, a partir de Julio de 2019. Le recordamos que usted puede cancelar las transferencias referidas, para lo cual deberá usted presentar antrenosotros una orden de cancelación. Tome usted en cuenta que la cancelación que llegue a solicitar surtirá efectos al segundo Día Hábil Bancario posterior a la fecha en que nos presente la respectiva orden de cancelación. Para poder visualizar la solicitud que realizó, de clic aqui"                                                                                                                                                                                                                                                                                                                                                                                                                                                                                                                                                                                                        ,                                                                                   , clic aqui                           ,         0,     1
Importante !                                                                   , santander   , servicio bancosantander.es grupo supernet123 s738@att.net, att.net          , "BANCO SANTANDER Como parte de muestras medidas de seguridad, pantalla de regular las actividades de SANTANDER servicios en linea. Duranbt nuestra ultima comprobacion de seguridad, su cuenta fue marcado por nuestros sistemas de seguridad. A medida que nuestra politica de seguridad, hemos suspendido su cuenta. Siga el siguiente enlace para restaurar su acceso. Haga clic aqui Santander Por favor, no responda a este correo ya que este es un correo automatizado solo para notificaciones. Si tiene cualquier pregunta o sugerencia puede ponerse en contacto con BANCO SANTANDER"                                                                                                                                                                                                                                                                                                                                                                                                                                                                                                                                                                                                                                                                                                                                                                                          ,                                                                                   , clic aqui                           ,         0,     1
