subject,sender_name,sender_email,sender_domain,body,url,cta_text,url_count,label,dataset_name
Re: POR FAVOR [ ... ] CONFIRME SUS DETALLES DE ENTREGA PARA EL ENVÍO DEL PAQUETE.📦,FedEx.com,,fedex.com,"SERVICIO DE ENVÍO Y LOGÍSTICA INTERNACIONAL | FedEx ARGENTINA

Tienes (1) paquete esperando entrega.
Usa tu código para rastrearlo y recibirlo.

Estimado(a) Cliente
En [FedEx], entendemos lo importante que es para usted recibir sus paquetes a tiempo.
Por lo tanto, nos ponemos en contacto con usted para informarle que tiene paquetes que aún no han sido entregados.

Su código de seguimiento:
#AR-SDI-DT5K62📦",,Recibe Tu Paquete,0,1,Michelin_phishing_email
¡Bienvenido!,Netflix,,netflix.com,"Hola ███@hotmail.com,

¡Has ganado una suscripción a Netflix! Para completarla da click Aqui para comenzar a disfrutar series y películas.

La información de tu cuenta:
Tu email de acceso: ███@hotmail.com
Proveedor de servicios: Netflix, Inc.
Precio del plan: Gratis por 3 meses
Forma de pago: Promoción
Detalles de pago: ************0000

Ve lo que quieras, cuando quieras. ¡Comienza ya!

¡Que lo disfrutes!

NOTA: Recuerda que para hacer uso de los 3 meses Gratis debes acceder con tu correo de outlook o hotmail y aceptar las condiciones

Tus amigos de Netflix
",,Ver todas las películas y series,0,1,Michelin_phishing_email
Se requiere confirmación de regalo de Amazon,Amazon,,amazon.com,"Felicidades!

Su dirección de correo electrónico ha sido seleccionada al azar para recibir un iPhone 14 GRATIS.

¡Eres uno de los afortunados! Te hemos elegido a ti y a otras 6 personas para que les regalen un iPhone 14 en colaboración con Apple y patrocinadores.

Para recibir su regalo, simplemente complete su información.

¡Apresúrate! Solo hay unos pocos regalos disponibles hoy.",,Confirmar aquí,0,1,Michelin_phishing_email
notificaciones Banorte por Internet,Banorte,,banorte.com,"Estimado(a):

Le informamos que su dispositivo Token fue bloqueado debido a que último ingreso a Banca en Línea Banorte, no finalizó de manera correcta.

Es necesario desbloquear su Dispositivo de seguridad (Token) reactivar su servicio de BxI Banca en Línea Banorte.

Para continuar con el proceso de desbloqueo es necesario iniciar sesión de manera normal. Este proceso no afecta sus saldos y/o transacciones realizadas físicamente.

El proceso tiene validez de 24 horas, de lo contrario deberá acudir a su sucursal.

En Banorte tomamos en cuenta tus necesidades y ponemos a tu alcance una solución fácil, práctica y segura, por lo cual hacemos práctica la solución a sus problemas evitando la visita a su sucursal Banorte.

Ingresar a mi Banca en Línea

Click Personas  |  Click Empresas

Cualquier duda estamos a tu disposición en www.banorte.com o en el 01-800-226-6781",,Ingresar a mi Banca en Línea,0,1,Michelin_phishing_email
Scotiabank,Scotiabank,,scotiabank.com.mx,"Estimado Cliente:

Le informamos que debido a la reforma a la ley de protección de datos incorporada el 1 de junio del año en curso, es necesario realizar una vez por mes una sincronización de sus datos de contacto para el servicio de envío de alertas SMS y vía E-Mail por lo que le invitamos a realizar la actualización correspondiente para poder continuar haciendo uso de su acceso a la banca por internet.

Acceda a su banca en línea del siguiente enlace para quitar el bloqueo temporal que presenta su acceso:

http://www.scotiabank.com.mx/

Derechos Reservados 2015, Banco Scotiabank® (México) S.A.

De no realizar el proceso su cuenta quedara suspendida temporalmente.",http://www.scotiabank.com.mx/,Acceda a su banca en línea,1,1,Michelin_phishing_email
[Spam] Servicio de Administración Tributaria - Comprobante Fiscal Digital Pendiente - REG9316,SAT,declaracion@sre.gob.mx,sre.gob.mx,"Estimado/a:

Nos dirigimos a usted en calidad de representantes del Servicio de Administración Tributaria (SAT) para informarle que ha recibido un Comprobante Fiscal Digital (CFDI) correspondiente a sus transacciones fiscales.

Para acceder a la versión en formato PDF del comprobante, por favor haga clic en el siguiente enlace:

Ver PDF

Asimismo, si desea consultar la versión en formato XML, puede hacerlo a través del siguiente enlace:

Ver XML

Quedamos a su disposición para cualquier consulta o aclaración adicional.

Atentamente,
Roberto Sánchez Juárez
Departamento de Facturación
facturacion@sat.gob.mx

12/06/2024",,Ver PDF / Ver XML,0,1,Michelin_phishing_email
[Spam] Alerta Tributaria: Verificacion de Documentos Necesaria - DOCUMENTO 8777,SAT / Hacienda,,sat.gob.mx,"Contacto: ███
ID: 24891966
Folio: 92684224
Remitente: Servicio de Administración Tributaria
12/06/2024

Los contribuyentes que venden bienes, prestan servicios profesionales o rentan un bien inmueble, separan el impuesto al valor agregado (IVA) que causan por los ingresos que obtienen en el Comprobante Fiscal Digital por Internet (CFDI) que expiden, ese importe es el que deben manifestar en la declaración de pago definitivo mensual de IVA.

Bajo ese contexto, esta autoridad al comparar el importe del IVA de los CFDI que tu representada emitió en una sola exhibición y el importe del IVA a cargo manifestado en su(s) declaración(es) de pago definitivo mensual de IVA, se aprecia que los mismos no coinciden, por lo que se identifica(n) diferencia(s) en los siguientes periodos:

(Tabla con periodos e importes)

Ver",,Ver,0,1,Michelin_phishing_email
Factura,CFE,serviciocliente@cfe.com,cfe.com,"Estimado/a:

Su recibo de energía eléctrica cuenta con un adeudo ya vencido por $2751.36, favor de realizar su pago inmediato ya que ha sido programado para corte y/o retiro de medidor y baja por falta de pago en estos próximos días.

Tu Energía está programada para ser apagada el 17/06/2024 por falta de pago de la Cuenta.

La relación de los archivos anexos es la siguiente:
línea de captura: 2751458252177

Número de Servicio: 429256618
Archivo PDF - Ver
Archivo XML - Ver

AVISO DE PRIVACIDAD. Sus Datos Personales en posesión de la empresa 'CFE Suministrador de Servicios Básicos' están protegidos. Para mayor información puede consultar el Aviso de Privacidad.",,Ver PDF / Ver XML,0,1,Michelin_phishing_email
Santander,Santander,,bancosantander.es,"Apreciable Cliente:

Le notificamos que su cuenta y tarjeta de fue bloqueada temporalmente debido a que su ultima consulta de cajero o banca en linea no finalizo de manera correcta.

Para poder desbloquear la tarjeta es necesario afiliar y hacer una pequeña verificacion de identidad. Para verificar su identidad AQUI.

Tu seguridad es muy importante para nosotros. Por eso tus transacciones estan protegidas por nuestra Garantia de Seguridad de bancosantander.es

Le recomendamos ingresar de forma inmediata al siguiente enlace: http://www.bancosantander.es (Click Aqui)

Este correo electronico constituye una notificacion de los terminos en que se realizo la operacion, el unico comprobante oficial es el estado de cuenta que emite bancosantander.es",http://www.bancosantander.es,Click Aqui,1,1,Michelin_phishing_email
BBVA Net,BBVA,admin@hijosdigitales.es,hijosdigitales.es,"Estimado cliente admin@hijosdigitales.es,

Nos dirigimos a usted para informarle que su clave de operaciones BBVA Net no ha sido cambiada y ha vencido el día 2/18/13. Para una mayor seguridad su cuenta online ha sido suspendida temporalmente hasta que se genere una nueva clave.

Con el fin de solucionar esta irregularidad le rogamos que acceda al enlace que a continuación le facilitamos para comprobar su identidad y reactivar su cuenta.

BBVA - Validación:
https://bbva.es/formulario_validacion/

Banco BBVA le agradece de nuevo su confianza.

Atentamente,
BBVA
Dpto. Incidencias
Tel. 902 18 18 18
Correo: incidencias@bbva.es
Banco Bilbao Vizcaya Argentaria S.A. - 2013",https://bbva.es/formulario_validacion/,Validar cuenta,1,1,Michelin_phishing_email
Aviso: Servicio de BBVAnet - Pago pendiente y acceso limitado,BBVA Bancomer,,bancomer.com.mx,"Estimado(a) Cliente: Tarjeta: 4152-xxxx-xxxx-xxxx-xxxx

Le informamos que su SERVICIO DE BBVANET registrado con su tarjeta VISA presenta dos meses de atraso en sus pagos de contrato y mantenimiento o éstos no se han realizado de forma completa.

Le recordamos que el compromiso que usted adquirió fue realizar sus pagos puntuales antes del dia 16 de cada mes. Por su seguridad y por normatividad de nuestra institución, su acceso de Banca Multiple de BBVA ha sido LIMITADO EN ALGUNA FUNCIONES.

Para realizar el pago de su contrato y más información al respecto ingrese a:

https://www.bancomer.com.mx

Le pedimos revisar la siguiente información:
- LA FECHA LIMITE DE PAGO es el dia 16 de cada mes.
- EL PAGO MINIMO debe ser completo, en caso contrario se registrara como pago no efectuado.

Su información sera actualizada y activada de acuerdo a su usuario de acceso despues de realizar su pago.

Atentamente,
Departamento de Cobranza
BBVA Bancomer.",https://www.bancomer.com.mx,Reactivar Contrato,1,1,Michelin_phishing_email
Santander,Santander,,bancosantander.es,"Estimado cliente:

Notificamos que su tarjeta de Banco Santander se ha suspendido temporalmente debido a intentos fallidos de uso.

Como medida de seguridad hemos decidido desactivar su tarjeta temporalmente.

Para asegurarnos de su autenticidad rogamos reactivar su tarjeta desde el siguiente enlace:

https://www.bancosantander.es/cssaSatellite?pagename=verificacion_cliente43287jkru43j4rhf",https://www.bancosantander.es/cssaSatellite?pagename=verificacion_cliente43287jkru43j4rhf,Reactivar tarjeta,1,1,Michelin_phishing_email
